-- MySQL dump 10.13  Distrib 5.5.57, for debian-linux-gnu (x86_64)
--
-- Host: 0.0.0.0    Database: join_us
-- ------------------------------------------------------
-- Server version	5.5.57-0ubuntu0.14.04.1

/*!40101 SET @OLD_CHARACTER_SET_CLIENT=@@CHARACTER_SET_CLIENT */;
/*!40101 SET @OLD_CHARACTER_SET_RESULTS=@@CHARACTER_SET_RESULTS */;
/*!40101 SET @OLD_COLLATION_CONNECTION=@@COLLATION_CONNECTION */;
/*!40101 SET NAMES utf8 */;
/*!40103 SET @OLD_TIME_ZONE=@@TIME_ZONE */;
/*!40103 SET TIME_ZONE='+00:00' */;
/*!40014 SET @OLD_UNIQUE_CHECKS=@@UNIQUE_CHECKS, UNIQUE_CHECKS=0 */;
/*!40014 SET @OLD_FOREIGN_KEY_CHECKS=@@FOREIGN_KEY_CHECKS, FOREIGN_KEY_CHECKS=0 */;
/*!40101 SET @OLD_SQL_MODE=@@SQL_MODE, SQL_MODE='NO_AUTO_VALUE_ON_ZERO' */;
/*!40111 SET @OLD_SQL_NOTES=@@SQL_NOTES, SQL_NOTES=0 */;

--
-- Table structure for table `books`
--

DROP TABLE IF EXISTS `books`;
/*!40101 SET @saved_cs_client     = @@character_set_client */;
/*!40101 SET character_set_client = utf8 */;
CREATE TABLE `books` (
  `id` int(11) NOT NULL AUTO_INCREMENT,
  `title` varchar(100) DEFAULT NULL,
  `author` varchar(100) DEFAULT NULL,
  PRIMARY KEY (`id`)
) ENGINE=InnoDB AUTO_INCREMENT=101 DEFAULT CHARSET=latin1;
/*!40101 SET character_set_client = @saved_cs_client */;

--
-- Dumping data for table `books`
--

LOCK TABLES `books` WRITE;
/*!40000 ALTER TABLE `books` DISABLE KEYS */;
INSERT INTO `books` VALUES (1,'Investor Markets Consultant','Jedidiah Prohaska'),(2,'Forward Response Assistant','Jacklyn Miller I'),(3,'Chief Markets Coordinator','Kaelyn Lind'),(4,'Product Creative Manager','Mabelle Ebert'),(5,'Central Operations Agent','Guy Johnson'),(6,'Forward Integration Associate','Mara Abshire'),(7,'Global Mobility Assistant','Gabrielle Schmitt'),(8,'Future Implementation Representative','Maxime Connelly'),(9,'Principal Brand Director','Deshawn Russel'),(10,'National Infrastructure Architect','Madelyn Abshire'),(11,'Regional Quality Director','Destiney Morissette'),(12,'Central Mobility Supervisor','Ms. Jayden Doyle'),(13,'District Directives Coordinator','Raphael Gerlach'),(14,'Dynamic Metrics Strategist','Maida Dibbert'),(15,'National Integration Facilitator','Bert Bahringer DVM'),(16,'Customer Web Planner','Connor Ryan'),(17,'Internal Brand Manager','Tatyana Harber'),(18,'Central Security Engineer','Nels O\'Keefe'),(19,'Principal Integration Consultant','Geovanny Heathcote'),(20,'Dynamic Response Developer','Jamal Macejkovic'),(21,'National Operations Associate','Lisette Heathcote'),(22,'Future Program Officer','Danial Little'),(23,'Human Identity Supervisor','Dr. Caroline Ledner'),(24,'Human Accounts Manager','Lula Hauck'),(25,'Chief Usability Assistant','Dejah Hessel'),(26,'Direct Infrastructure Representative','Catharine Bayer IV'),(27,'Forward Tactics Facilitator','Anahi Johnson'),(28,'Central Accounts Officer','Corene Heller'),(29,'Forward Program Producer','Rigoberto Ankunding'),(30,'Regional Accounts Agent','Cali Zboncak III'),(31,'Future Creative Agent','Stephan Powlowski'),(32,'Legacy Data Coordinator','Enrique Marvin'),(33,'Global Branding Orchestrator','Vilma Klocko'),(34,'Chief Creative Planner','Dameon Beahan'),(35,'Customer Functionality Specialist','Trycia Balistreri Jr.'),(36,'Product Functionality Producer','Sylvan Kohler'),(37,'Human Assurance Assistant','Rene Barton'),(38,'Customer Accounts Coordinator','Miss Estefania Hoppe'),(39,'Corporate Applications Liaison','Lillie McKenzie'),(40,'National Accountability Administrator','Cielo Thiel'),(41,'National Division Representative','Kirk Morar'),(42,'Senior Security Manager','Mrs. Aryanna Reilly'),(43,'Senior Communications Specialist','Duncan Ziemann'),(44,'Central Response Coordinator','Nels Hyatt'),(45,'Senior Applications Analyst','Stacey Kling'),(46,'Customer Configuration Supervisor','Jillian Shanahan MD'),(47,'Global Security Assistant','Miss Tremaine Huels'),(48,'Future Assurance Designer','Belle Barrows PhD'),(49,'Lead Solutions Architect','Maxie Ryan'),(50,'Principal Branding Director','Korey Deckow'),(51,'Corporate Operations Supervisor','Ms. Ignacio Cremin'),(52,'Forward Branding Coordinator','Willy Reichel'),(53,'National Directives Orchestrator','Hettie Carter'),(54,'Investor Infrastructure Facilitator','Mikayla Kreiger'),(55,'Corporate Security Orchestrator','Miss Katarina Rosenbaum'),(56,'Dynamic Accounts Planner','Ofelia Kiehn'),(57,'Internal Operations Agent','Frank Buckridge'),(58,'National Research Manager','Dr. Edna Altenwerth'),(59,'Global Configuration Executive','Dee Leffler II'),(60,'Future Research Strategist','Skye Wisoky'),(61,'Senior Factors Planner','Yesenia Will'),(62,'Dynamic Identity Administrator','Ressie Kirlin'),(63,'Regional Brand Liaison','Sedrick Daugherty'),(64,'Principal Communications Assistant','Nedra Cartwright'),(65,'Principal Operations Engineer','Cristian Greenholt'),(66,'Central Intranet Representative','Francis Thompson'),(67,'Forward Accounts Director','Bill Ankunding IV'),(68,'Customer Infrastructure Associate','Clement Gottlieb'),(69,'Dynamic Quality Developer','Aliyah Shields'),(70,'Investor Marketing Producer','Leonor Thompson'),(71,'Regional Optimization Technician','Jana Gottlieb I'),(72,'National Security Analyst','Ms. Andy Kulas'),(73,'Forward Response Director','Willa Lueilwitz'),(74,'Forward Infrastructure Orchestrator','Emerson O\'Reilly'),(75,'Regional Configuration Director','Wellington Beahan I'),(76,'Investor Paradigm Orchestrator','Bertrand Sipes'),(77,'Legacy Accountability Officer','Ashleigh Rath'),(78,'Corporate Operations Coordinator','Alejandrin Doyle'),(79,'Internal Brand Officer','Lillian Jacobi V'),(80,'Human Applications Strategist','Gertrude Hoeger'),(81,'Human Creative Producer','Kristy Hessel'),(82,'Chief Quality Consultant','Art Fritsch'),(83,'Direct Communications Analyst','Kris Witting'),(84,'Forward Identity Strategist','Marlee McGlynn'),(85,'Dynamic Web Engineer','Sophia Reichert'),(86,'Dynamic Directives Manager','Cleo Williamson'),(87,'Internal Usability Engineer','Catalina Kozey'),(88,'Lead Intranet Specialist','Doyle Hagenes'),(89,'Global Infrastructure Technician','Jammie Runte'),(90,'Legacy Optimization Assistant','Coy Cole'),(91,'Principal Mobility Developer','Lester Nolan DDS'),(92,'Legacy Group Officer','Shawn Gaylord'),(93,'Direct Branding Strategist','Kenya Wolf'),(94,'Forward Infrastructure Consultant','Doris Koelpin'),(95,'Internal Factors Supervisor','Sandrine Sauer'),(96,'Legacy Applications Planner','Grayce Terry Sr.'),(97,'Human Division Specialist','Morgan Paucek PhD'),(98,'Dynamic Mobility Planner','Crawford Bradtke'),(99,'Principal Functionality Orchestrator','Ms. Keshawn Dooley'),(100,'Principal Markets Coordinator','Randal Orn');
/*!40000 ALTER TABLE `books` ENABLE KEYS */;
UNLOCK TABLES;

--
-- Table structure for table `reviews`
--

DROP TABLE IF EXISTS `reviews`;
/*!40101 SET @saved_cs_client     = @@character_set_client */;
/*!40101 SET character_set_client = utf8 */;
CREATE TABLE `reviews` (
  `id` int(11) NOT NULL AUTO_INCREMENT,
  `rating` decimal(2,1) DEFAULT '0.0',
  `books_id` int(11) DEFAULT NULL,
  `user_id` int(11) DEFAULT NULL,
  PRIMARY KEY (`id`),
  KEY `books_id` (`books_id`),
  KEY `user_id` (`user_id`),
  CONSTRAINT `reviews_ibfk_1` FOREIGN KEY (`books_id`) REFERENCES `books` (`id`) ON DELETE CASCADE ON UPDATE CASCADE,
  CONSTRAINT `reviews_ibfk_2` FOREIGN KEY (`user_id`) REFERENCES `users` (`id`) ON DELETE CASCADE ON UPDATE CASCADE
) ENGINE=InnoDB AUTO_INCREMENT=1002 DEFAULT CHARSET=latin1;
/*!40101 SET character_set_client = @saved_cs_client */;

--
-- Dumping data for table `reviews`
--

LOCK TABLES `reviews` WRITE;
/*!40000 ALTER TABLE `reviews` DISABLE KEYS */;
INSERT INTO `reviews` VALUES (1,6.0,6,1),(2,2.0,4,2),(3,4.0,4,3),(4,4.0,4,4),(5,2.0,2,5),(6,2.0,5,6),(7,6.0,2,7),(8,4.0,8,8),(9,4.0,3,9),(10,5.0,3,10),(11,4.0,2,11),(12,1.0,3,12),(13,3.0,1,13),(14,3.0,1,14),(15,2.0,3,15),(16,4.0,2,16),(17,3.0,5,17),(18,4.0,5,18),(19,8.0,4,19),(20,3.0,8,20),(21,9.9,2,21),(22,4.0,7,22),(23,9.0,6,23),(24,1.0,1,24),(25,5.0,2,25),(26,9.9,6,26),(27,9.0,2,27),(28,8.0,1,28),(29,5.0,7,29),(30,4.0,5,30),(31,9.0,2,31),(32,5.0,7,32),(33,7.0,1,33),(34,5.0,2,34),(35,7.0,6,35),(36,6.0,2,36),(37,2.0,1,37),(38,9.0,6,38),(39,5.0,3,39),(40,9.0,3,40),(41,7.0,6,41),(42,6.0,8,42),(43,4.0,1,43),(44,1.0,5,44),(45,3.0,1,45),(46,9.9,2,46),(47,5.0,4,47),(48,8.0,2,48),(49,9.9,3,49),(50,2.0,2,50),(51,1.0,6,51),(52,3.0,7,52),(53,7.0,5,53),(54,5.0,7,54),(55,9.0,4,55),(56,5.0,5,56),(57,1.0,1,57),(58,2.0,3,58),(59,7.0,6,59),(60,9.0,2,60),(61,9.9,3,61),(62,3.0,8,62),(63,9.0,4,63),(64,2.0,6,64),(65,8.0,4,65),(66,9.0,5,66),(67,5.0,4,67),(68,9.9,3,68),(69,3.0,6,69),(70,9.9,1,70),(71,4.0,5,71),(72,1.0,1,72),(73,9.9,5,73),(74,1.0,5,74),(75,9.9,2,75),(76,3.0,8,76),(77,9.9,4,77),(78,5.0,2,78),(79,5.0,3,79),(80,3.0,1,80),(81,5.0,5,81),(82,9.0,8,82),(83,1.0,8,83),(84,9.0,4,84),(85,1.0,1,85),(86,9.0,7,86),(87,8.0,8,87),(88,3.0,8,88),(89,3.0,7,89),(90,9.0,6,90),(91,3.0,3,91),(92,6.0,5,92),(93,6.0,6,93),(94,9.9,5,94),(95,5.0,6,95),(96,5.0,1,96),(97,4.0,4,97),(98,9.0,5,98),(99,8.0,1,99),(100,8.0,1,100),(101,7.0,8,101),(102,9.9,6,102),(103,9.0,4,103),(104,6.0,7,104),(105,5.0,4,105),(106,9.9,7,106),(107,2.0,1,107),(108,9.0,1,108),(109,9.9,7,109),(110,7.0,1,110),(111,3.0,7,111),(112,3.0,2,112),(113,8.0,1,113),(114,4.0,4,114),(115,3.0,6,115),(116,9.0,1,116),(117,1.0,6,117),(118,9.9,4,118),(119,9.9,2,119),(120,7.0,8,120),(121,1.0,6,121),(122,4.0,1,122),(123,2.0,7,123),(124,7.0,8,124),(125,3.0,2,125),(126,3.0,1,126),(127,9.9,8,127),(128,4.0,4,128),(129,1.0,4,129),(130,1.0,3,130),(131,4.0,3,131),(132,9.0,4,132),(133,6.0,8,133),(134,2.0,8,134),(135,5.0,4,135),(136,7.0,3,136),(137,7.0,7,137),(138,4.0,1,138),(139,2.0,7,139),(140,8.0,3,140),(141,6.0,6,141),(142,2.0,3,142),(143,2.0,7,143),(144,9.9,7,144),(145,2.0,6,145),(146,8.0,3,146),(147,5.0,3,147),(148,4.0,7,148),(149,5.0,1,149),(150,9.9,5,150),(151,2.0,4,151),(152,5.0,2,152),(153,7.0,3,153),(154,2.0,6,154),(155,8.0,6,155),(156,4.0,3,156),(157,4.0,4,157),(158,3.0,6,158),(159,3.0,3,159),(160,6.0,4,160),(161,2.0,8,161),(162,8.0,3,162),(163,9.0,5,163),(164,1.0,3,164),(165,8.0,6,165),(166,7.0,5,166),(167,7.0,7,167),(168,3.0,1,168),(169,5.0,2,169),(170,8.0,5,170),(171,2.0,8,171),(172,2.0,3,172),(173,7.0,1,173),(174,1.0,1,174),(175,7.0,3,175),(176,5.0,6,176),(177,1.0,1,177),(178,3.0,4,178),(179,4.0,1,179),(180,5.0,1,180),(181,9.0,7,181),(182,8.0,4,182),(183,9.9,4,183),(184,8.0,3,184),(185,1.0,4,185),(186,9.0,6,186),(187,8.0,7,187),(188,7.0,3,188),(189,9.9,5,189),(190,3.0,2,190),(191,4.0,2,191),(192,9.0,7,192),(193,8.0,4,193),(194,9.0,2,194),(195,3.0,7,195),(196,8.0,1,196),(197,7.0,2,197),(198,5.0,3,198),(199,1.0,4,199),(200,4.0,2,200),(201,9.0,6,201),(202,1.0,8,202),(203,4.0,4,203),(204,6.0,4,204),(205,6.0,2,205),(206,7.0,4,206),(207,6.0,2,207),(208,7.0,6,208),(209,7.0,5,209),(210,2.0,7,210),(211,3.0,8,211),(212,4.0,3,212),(213,9.9,8,213),(214,9.9,2,214),(215,5.0,6,215),(216,9.0,4,216),(217,7.0,7,217),(218,5.0,5,218),(219,2.0,1,219),(220,1.0,2,220),(221,7.0,5,221),(222,3.0,4,222),(223,7.0,2,223),(224,9.0,4,224),(225,9.0,8,225),(226,6.0,8,226),(227,2.0,1,227),(228,8.0,3,228),(229,1.0,8,229),(230,6.0,3,230),(231,3.0,1,231),(232,8.0,2,232),(233,8.0,4,233),(234,4.0,3,234),(235,9.0,1,235),(236,4.0,6,236),(237,8.0,4,237),(238,7.0,7,238),(239,1.0,1,239),(240,5.0,5,240),(241,2.0,1,241),(242,5.0,8,242),(243,2.0,3,243),(244,8.0,4,244),(245,9.0,3,245),(246,9.0,3,246),(247,9.9,7,247),(248,6.0,8,248),(249,9.9,1,249),(250,9.9,3,250),(251,9.9,7,251),(252,8.0,1,252),(253,5.0,7,253),(254,4.0,3,254),(255,6.0,3,255),(256,9.9,7,256),(257,7.0,7,257),(258,3.0,4,258),(259,1.0,1,259),(260,4.0,1,260),(261,9.9,8,261),(262,1.0,2,262),(263,2.0,6,263),(264,9.9,3,264),(265,3.0,6,265),(266,6.0,8,266),(267,9.0,4,267),(268,3.0,6,268),(269,3.0,3,269),(270,2.0,8,270),(271,7.0,6,271),(272,8.0,2,272),(273,9.9,3,273),(274,3.0,4,274),(275,2.0,8,275),(276,9.0,4,276),(277,1.0,2,277),(278,3.0,2,278),(279,2.0,5,279),(280,5.0,1,280),(281,8.0,8,281),(282,9.0,3,282),(283,9.0,8,283),(284,9.0,3,284),(285,1.0,6,285),(286,2.0,3,286),(287,4.0,7,287),(288,1.0,3,288),(289,9.9,1,289),(290,7.0,1,290),(291,9.9,3,291),(292,1.0,6,292),(293,8.0,1,293),(294,7.0,1,294),(295,5.0,4,295),(296,5.0,8,296),(297,9.0,6,297),(298,9.0,8,298),(299,9.0,4,299),(300,1.0,3,300),(301,7.0,4,301),(302,7.0,2,302),(303,5.0,1,303),(304,7.0,3,304),(305,9.9,3,305),(306,9.0,6,306),(307,6.0,4,307),(308,7.0,4,308),(309,3.0,6,309),(310,6.0,5,310),(311,3.0,4,311),(312,1.0,3,312),(313,9.9,1,313),(314,9.9,7,314),(315,7.0,2,315),(316,4.0,1,316),(317,3.0,6,317),(318,7.0,3,318),(319,9.0,2,319),(320,4.0,7,320),(321,9.0,4,321),(322,5.0,1,322),(323,1.0,4,323),(324,9.0,2,324),(325,1.0,4,325),(326,3.0,2,326),(327,8.0,3,327),(328,4.0,7,328),(329,3.0,3,329),(330,1.0,7,330),(331,6.0,8,331),(332,5.0,2,332),(333,4.0,8,333),(334,4.0,2,334),(335,6.0,8,335),(336,8.0,3,336),(337,3.0,8,337),(338,9.9,2,338),(339,2.0,8,339),(340,2.0,4,340),(341,4.0,3,341),(342,9.0,8,342),(343,2.0,2,343),(344,7.0,5,344),(345,1.0,1,345),(346,5.0,7,346),(347,9.0,1,347),(348,5.0,4,348),(349,9.9,7,349),(350,6.0,4,350),(351,2.0,4,351),(352,4.0,8,352),(353,8.0,6,353),(354,9.9,6,354),(355,6.0,2,355),(356,6.0,3,356),(357,5.0,4,357),(358,1.0,4,358),(359,2.0,3,359),(360,9.9,2,360),(361,9.9,3,361),(362,9.9,3,362),(363,7.0,2,363),(364,7.0,4,364),(365,6.0,4,365),(366,5.0,7,366),(367,1.0,7,367),(368,4.0,6,368),(369,8.0,1,369),(370,3.0,4,370),(371,7.0,3,371),(372,1.0,5,372),(373,1.0,5,373),(374,6.0,1,374),(375,4.0,2,375),(376,3.0,5,376),(377,7.0,6,377),(378,2.0,2,378),(379,9.9,8,379),(380,1.0,5,380),(381,3.0,5,381),(382,8.0,2,382),(383,1.0,7,383),(384,7.0,5,384),(385,5.0,2,385),(386,7.0,5,386),(387,4.0,6,387),(388,6.0,4,388),(389,9.0,7,389),(390,1.0,8,390),(391,8.0,2,391),(392,3.0,4,392),(393,9.9,6,393),(394,8.0,1,394),(395,8.0,5,395),(396,5.0,8,396),(397,4.0,4,397),(398,3.0,4,398),(399,3.0,5,399),(400,4.0,7,400),(401,9.9,2,401),(402,8.0,2,402),(403,5.0,4,403),(404,1.0,7,404),(405,2.0,8,405),(406,6.0,2,406),(407,8.0,5,407),(408,9.0,3,408),(409,1.0,7,409),(410,2.0,4,410),(411,8.0,3,411),(412,5.0,3,412),(413,7.0,3,413),(414,9.0,5,414),(415,5.0,5,415),(416,1.0,6,416),(417,1.0,7,417),(418,1.0,1,418),(419,7.0,3,419),(420,9.0,4,420),(421,9.0,2,421),(422,9.0,1,422),(423,4.0,7,423),(424,6.0,1,424),(425,2.0,6,425),(426,7.0,7,426),(427,4.0,3,427),(428,2.0,4,428),(429,9.9,4,429),(430,7.0,1,430),(431,2.0,5,431),(432,7.0,7,432),(433,5.0,7,433),(434,4.0,1,434),(435,9.9,3,435),(436,1.0,7,436),(437,1.0,2,437),(438,1.0,2,438),(439,9.0,7,439),(440,4.0,7,440),(441,9.9,3,441),(442,4.0,2,442),(443,6.0,1,443),(444,9.0,1,444),(445,9.9,6,445),(446,9.0,1,446),(447,2.0,5,447),(448,7.0,8,448),(449,4.0,2,449),(450,9.0,8,450),(451,8.0,6,451),(452,2.0,3,452),(453,9.0,1,453),(454,4.0,8,454),(455,9.0,5,455),(456,5.0,4,456),(457,1.0,1,457),(458,7.0,1,458),(459,9.9,6,459),(460,6.0,8,460),(461,2.0,2,461),(462,5.0,2,462),(463,7.0,4,463),(464,5.0,5,464),(465,1.0,4,465),(466,6.0,4,466),(467,9.9,8,467),(468,3.0,4,468),(469,6.0,6,469),(470,6.0,5,470),(471,9.0,1,471),(472,9.0,2,472),(473,3.0,8,473),(474,5.0,7,474),(475,8.0,5,475),(476,1.0,4,476),(477,7.0,1,477),(478,9.0,1,478),(479,4.0,5,479),(480,6.0,2,480),(481,8.0,4,481),(482,5.0,4,482),(483,1.0,2,483),(484,4.0,6,484),(485,9.9,5,485),(486,5.0,5,486),(487,7.0,4,487),(488,9.0,2,488),(489,5.0,2,489),(490,8.0,5,490),(491,9.0,1,491),(492,9.9,1,492),(493,9.9,6,493),(494,9.0,8,494),(495,7.0,4,495),(496,1.0,2,496),(497,4.0,8,497),(498,8.0,3,498),(499,3.0,6,499),(500,7.0,1,500),(501,4.0,1,501),(502,2.0,5,502),(503,1.0,1,503),(504,7.0,7,504),(505,9.0,2,505),(506,9.0,1,506),(507,9.9,4,507),(508,7.0,1,508),(509,5.0,4,509),(510,6.0,3,510),(511,6.0,6,511),(512,4.0,3,512),(513,3.0,6,513),(514,6.0,3,514),(515,9.0,4,515),(516,9.9,3,516),(517,2.0,5,517),(518,5.0,6,518),(519,9.9,2,519),(520,2.0,3,520),(521,9.0,5,521),(522,4.0,8,522),(523,3.0,2,523),(524,5.0,7,524),(525,9.9,2,525),(526,9.0,4,526),(527,2.0,2,527),(528,9.9,3,528),(529,2.0,6,529),(530,8.0,6,530),(531,7.0,5,531),(532,3.0,2,532),(533,3.0,6,533),(534,1.0,7,534),(535,8.0,4,535),(536,3.0,7,536),(537,9.0,1,537),(538,6.0,1,538),(539,2.0,7,539),(540,8.0,6,540),(541,9.0,3,541),(542,3.0,8,542),(543,9.0,1,543),(544,7.0,8,544),(545,4.0,2,545),(546,6.0,2,546),(547,6.0,1,547),(548,9.0,1,548),(549,7.0,1,549),(550,3.0,8,550),(551,4.0,6,551),(552,1.0,7,552),(553,1.0,2,553),(554,2.0,3,554),(555,8.0,4,555),(556,5.0,1,556),(557,2.0,1,557),(558,2.0,7,558),(559,8.0,8,559),(560,2.0,3,560),(561,5.0,8,561),(562,6.0,8,562),(563,7.0,3,563),(564,9.9,6,564),(565,5.0,4,565),(566,7.0,4,566),(567,4.0,6,567),(568,6.0,3,568),(569,4.0,7,569),(570,5.0,7,570),(571,1.0,5,571),(572,2.0,6,572),(573,4.0,1,573),(574,3.0,6,574),(575,9.9,1,575),(576,9.9,7,576),(577,3.0,4,577),(578,3.0,5,578),(579,9.0,5,579),(580,5.0,7,580),(581,8.0,7,581),(582,5.0,5,582),(583,9.0,4,583),(584,5.0,6,584),(585,6.0,6,585),(586,5.0,7,586),(587,7.0,4,587),(588,3.0,8,588),(589,5.0,4,589),(590,9.9,7,590),(591,9.0,4,591),(592,7.0,1,592),(593,5.0,3,593),(594,1.0,5,594),(595,7.0,7,595),(596,5.0,5,596),(597,5.0,2,597),(598,9.0,1,598),(599,9.9,8,599),(600,4.0,3,600),(601,2.0,1,601),(602,1.0,1,602),(603,5.0,2,603),(604,6.0,3,604),(605,7.0,1,605),(606,4.0,6,606),(607,9.9,2,607),(608,9.9,5,608),(609,4.0,3,609),(610,7.0,1,610),(611,6.0,4,611),(612,2.0,2,612),(613,3.0,8,613),(614,9.9,3,614),(615,9.9,1,615),(616,7.0,8,616),(617,1.0,6,617),(618,9.9,4,618),(619,2.0,3,619),(620,8.0,8,620),(621,6.0,3,621),(622,6.0,6,622),(623,3.0,1,623),(624,5.0,4,624),(625,6.0,4,625),(626,7.0,8,626),(627,9.0,1,627),(628,3.0,4,628),(629,2.0,8,629),(630,9.0,7,630),(631,9.0,3,631),(632,6.0,4,632),(633,5.0,1,633),(634,8.0,7,634),(635,9.9,3,635),(636,9.0,2,636),(637,5.0,5,637),(638,4.0,4,638),(639,3.0,6,639),(640,9.9,4,640),(641,1.0,3,641),(642,5.0,6,642),(643,9.0,2,643),(644,6.0,4,644),(645,3.0,5,645),(646,6.0,4,646),(647,2.0,1,647),(648,8.0,8,648),(649,9.9,3,649),(650,5.0,3,650),(651,2.0,1,651),(652,2.0,2,652),(653,6.0,5,653),(654,2.0,2,654),(655,8.0,4,655),(656,7.0,4,656),(657,9.9,5,657),(658,4.0,6,658),(659,4.0,7,659),(660,4.0,6,660),(661,5.0,4,661),(662,8.0,5,662),(663,9.9,6,663),(664,7.0,5,664),(665,7.0,7,665),(666,3.0,4,666),(667,9.9,7,667),(668,8.0,2,668),(669,2.0,1,669),(670,3.0,3,670),(671,9.0,8,671),(672,6.0,8,672),(673,8.0,4,673),(674,7.0,2,674),(675,3.0,7,675),(676,8.0,4,676),(677,8.0,7,677),(678,5.0,4,678),(679,9.0,4,679),(680,3.0,1,680),(681,9.0,4,681),(682,5.0,7,682),(683,7.0,3,683),(684,3.0,7,684),(685,9.0,7,685),(686,5.0,6,686),(687,9.0,8,687),(688,2.0,5,688),(689,4.0,5,689),(690,7.0,2,690),(691,3.0,2,691),(692,7.0,8,692),(693,7.0,1,693),(694,9.0,4,694),(695,8.0,2,695),(696,8.0,2,696),(697,7.0,2,697),(698,9.9,2,698),(699,6.0,5,699),(700,2.0,6,700),(701,2.0,2,701),(702,1.0,4,702),(703,6.0,6,703),(704,6.0,2,704),(705,5.0,2,705),(706,6.0,7,706),(707,8.0,1,707),(708,9.0,8,708),(709,8.0,6,709),(710,5.0,6,710),(711,6.0,8,711),(712,5.0,8,712),(713,8.0,3,713),(714,2.0,7,714),(715,8.0,1,715),(716,9.9,4,716),(717,2.0,2,717),(718,5.0,1,718),(719,8.0,1,719),(720,9.0,7,720),(721,5.0,7,721),(722,9.9,8,722),(723,1.0,7,723),(724,5.0,6,724),(725,6.0,2,725),(726,6.0,3,726),(727,8.0,1,727),(728,5.0,6,728),(729,7.0,4,729),(730,9.0,7,730),(731,3.0,6,731),(732,4.0,6,732),(733,6.0,3,733),(734,6.0,7,734),(735,5.0,8,735),(736,7.0,5,736),(737,4.0,3,737),(738,8.0,2,738),(739,7.0,3,739),(740,5.0,2,740),(741,1.0,3,741),(742,9.9,5,742),(743,1.0,4,743),(744,7.0,2,744),(745,8.0,5,745),(746,1.0,7,746),(747,7.0,7,747),(748,9.9,5,748),(749,8.0,8,749),(750,4.0,6,750),(751,2.0,3,751),(752,6.0,5,752),(753,9.0,3,753),(754,4.0,1,754),(755,7.0,6,755),(756,8.0,6,756),(757,4.0,4,757),(758,9.0,1,758),(759,6.0,8,759),(760,9.9,5,760),(761,9.0,6,761),(762,8.0,7,762),(763,9.9,6,763),(764,6.0,5,764),(765,2.0,3,765),(766,2.0,6,766),(767,7.0,4,767),(768,3.0,1,768),(769,9.9,6,769),(770,4.0,8,770),(771,5.0,1,771),(772,9.9,6,772),(773,9.9,7,773),(774,8.0,6,774),(775,9.9,5,775),(776,3.0,4,776),(777,6.0,1,777),(778,6.0,7,778),(779,9.0,4,779),(780,2.0,7,780),(781,4.0,1,781),(782,4.0,3,782),(783,1.0,5,783),(784,9.9,2,784),(785,4.0,2,785),(786,2.0,8,786),(787,9.0,4,787),(788,1.0,3,788),(789,5.0,8,789),(790,1.0,2,790),(791,8.0,1,791),(792,3.0,2,792),(793,1.0,7,793),(794,1.0,1,794),(795,9.0,5,795),(796,4.0,2,796),(797,9.9,8,797),(798,7.0,8,798),(799,2.0,1,799),(800,8.0,5,800),(801,6.0,7,801),(802,9.0,8,802),(803,2.0,7,803),(804,4.0,1,804),(805,1.0,6,805),(806,2.0,4,806),(807,9.9,4,807),(808,7.0,6,808),(809,9.0,7,809),(810,9.0,2,810),(811,7.0,2,811),(812,9.0,3,812),(813,8.0,4,813),(814,6.0,5,814),(815,7.0,2,815),(816,6.0,2,816),(817,5.0,7,817),(818,9.9,7,818),(819,5.0,4,819),(820,9.0,4,820),(821,9.9,2,821),(822,9.9,7,822),(823,9.0,3,823),(824,7.0,3,824),(825,1.0,2,825),(826,4.0,7,826),(827,4.0,1,827),(828,1.0,6,828),(829,2.0,7,829),(830,7.0,6,830),(831,4.0,4,831),(832,7.0,7,832),(833,4.0,6,833),(834,9.0,4,834),(835,7.0,5,835),(836,9.9,6,836),(837,4.0,6,837),(838,7.0,3,838),(839,9.9,5,839),(840,9.0,1,840),(841,7.0,7,841),(842,4.0,2,842),(843,5.0,5,843),(844,5.0,3,844),(845,9.9,7,845),(846,4.0,1,846),(847,8.0,3,847),(848,9.0,7,848),(849,9.9,5,849),(850,4.0,5,850),(851,9.0,3,851),(852,9.9,2,852),(853,7.0,7,853),(854,5.0,7,854),(855,1.0,5,855),(856,5.0,1,856),(857,6.0,5,857),(858,4.0,3,858),(859,5.0,6,859),(860,5.0,3,860),(861,8.0,6,861),(862,1.0,8,862),(863,3.0,2,863),(864,2.0,2,864),(865,1.0,3,865),(866,7.0,4,866),(867,9.9,8,867),(868,2.0,7,868),(869,8.0,5,869),(870,3.0,1,870),(871,1.0,8,871),(872,4.0,7,872),(873,7.0,4,873),(874,6.0,8,874),(875,2.0,4,875),(876,8.0,4,876),(877,9.0,5,877),(878,9.9,2,878),(879,5.0,6,879),(880,4.0,6,880),(881,6.0,2,881),(882,6.0,3,882),(883,9.0,4,883),(884,6.0,1,884),(885,9.0,7,885),(886,4.0,3,886),(887,9.9,6,887),(888,7.0,1,888),(889,4.0,2,889),(890,8.0,3,890),(891,3.0,5,891),(892,6.0,3,892),(893,4.0,7,893),(894,9.9,4,894),(895,9.9,2,895),(896,9.0,2,896),(897,2.0,7,897),(898,9.0,3,898),(899,7.0,3,899),(900,9.9,2,900),(901,8.0,2,901),(902,3.0,3,902),(903,9.0,2,903),(904,6.0,2,904),(905,9.0,1,905),(906,4.0,8,906),(907,9.0,8,907),(908,8.0,8,908),(909,6.0,1,909),(910,1.0,1,910),(911,3.0,1,911),(912,9.9,8,912),(913,9.9,1,913),(914,9.0,4,914),(915,5.0,1,915),(916,9.0,4,916),(917,3.0,2,917),(918,3.0,3,918),(919,6.0,3,919),(920,2.0,8,920),(921,6.0,2,921),(922,9.0,5,922),(923,6.0,7,923),(924,9.0,5,924),(925,5.0,2,925),(926,8.0,6,926),(927,3.0,8,927),(928,4.0,3,928),(929,1.0,2,929),(930,1.0,3,930),(931,2.0,3,931),(932,4.0,2,932),(933,6.0,2,933),(934,9.9,8,934),(935,9.9,5,935),(936,3.0,7,936),(937,9.9,5,937),(938,2.0,1,938),(939,8.0,2,939),(940,5.0,4,940),(941,6.0,5,941),(942,8.0,6,942),(943,8.0,2,943),(944,3.0,8,944),(945,4.0,8,945),(946,3.0,7,946),(947,3.0,7,947),(948,2.0,2,948),(949,2.0,6,949),(950,3.0,5,950),(951,4.0,2,951),(952,2.0,6,952),(953,9.0,5,953),(954,6.0,5,954),(955,3.0,5,955),(956,6.0,7,956),(957,5.0,3,957),(958,8.0,2,958),(959,9.9,4,959),(960,2.0,7,960),(961,5.0,6,961),(962,4.0,6,962),(963,4.0,8,963),(964,2.0,3,964),(965,7.0,1,965),(966,3.0,3,966),(967,8.0,8,967),(968,8.0,5,968),(969,9.9,8,969),(970,9.9,7,970),(971,6.0,4,971),(972,1.0,5,972),(973,9.0,3,973),(974,9.9,6,974),(975,9.9,8,975),(976,9.0,5,976),(977,9.0,2,977),(978,2.0,5,978),(979,9.0,7,979),(980,4.0,6,980),(981,4.0,6,981),(982,5.0,7,982),(983,5.0,3,983),(984,5.0,2,984),(985,9.9,6,985),(986,7.0,3,986),(987,9.9,3,987),(988,3.0,3,988),(989,1.0,2,989),(990,8.0,6,990),(991,5.0,4,991),(992,1.0,2,992),(993,3.0,2,993),(994,6.0,5,994),(995,9.0,7,995),(996,5.0,8,996),(997,5.0,6,997),(998,1.0,5,998),(999,6.0,8,999),(1000,8.0,5,1000),(1001,4.0,75,1000);
/*!40000 ALTER TABLE `reviews` ENABLE KEYS */;
UNLOCK TABLES;

--
-- Table structure for table `users`
--

DROP TABLE IF EXISTS `users`;
/*!40101 SET @saved_cs_client     = @@character_set_client */;
/*!40101 SET character_set_client = utf8 */;
CREATE TABLE `users` (
  `id` int(11) NOT NULL AUTO_INCREMENT,
  `email` varchar(255) DEFAULT NULL,
  `name` varchar(100) NOT NULL DEFAULT 'anonymous',
  `created_at` timestamp NOT NULL DEFAULT CURRENT_TIMESTAMP,
  PRIMARY KEY (`id`)
) ENGINE=InnoDB AUTO_INCREMENT=1001 DEFAULT CHARSET=latin1;
/*!40101 SET character_set_client = @saved_cs_client */;

--
-- Dumping data for table `users`
--

LOCK TABLES `users` WRITE;
/*!40000 ALTER TABLE `users` DISABLE KEYS */;
INSERT INTO `users` VALUES (1,'Cary93@hotmail.com','Heaven Mertz','2017-12-21 17:52:12'),(2,'Emma_Pfeffer@yahoo.com','Cale Hoppe','2018-09-25 07:11:33'),(3,'Erik_Miller58@hotmail.com','Santiago Hegmann','2017-10-11 16:04:11'),(4,'Trever.Littel@hotmail.com','Tatum Larkin','2018-09-14 23:56:52'),(5,'Lucas22@hotmail.com','Webster Weimann','2018-01-26 17:00:53'),(6,'Myra.Stehr@yahoo.com','Dimitri Mayer','2017-12-29 16:22:14'),(7,'Genevieve32@yahoo.com','Will Borer','2018-06-15 03:59:27'),(8,'Gerda38@yahoo.com','Samson Kreiger','2018-05-11 04:27:00'),(9,'Kole53@hotmail.com','Cayla Gutmann','2018-07-14 12:55:42'),(10,'Marielle.Kshlerin73@yahoo.com','Emmie Beier','2017-11-04 09:47:04'),(11,'Layne30@gmail.com','Abigayle Dietrich','2017-11-07 23:36:36'),(12,'Elfrieda0@gmail.com','Eleonore Ziemann','2017-10-08 04:00:23'),(13,'Samir28@hotmail.com','Colby Muller','2018-09-02 14:28:25'),(14,'Aiyana.Koepp@yahoo.com','Hailie Goyette','2018-06-07 16:31:35'),(15,'Keeley_Bailey24@gmail.com','Jean VonRueden','2018-04-05 16:44:22'),(16,'Adah.Torphy67@hotmail.com','Samir Senger','2018-04-20 00:30:14'),(17,'Bernice.Keeling13@yahoo.com','Leatha O\'Keefe','2018-03-16 18:59:01'),(18,'Julio71@yahoo.com','Elvie Nolan','2018-08-28 23:12:56'),(19,'Zachery.Schmitt27@gmail.com','Ona Emard','2018-02-01 06:30:16'),(20,'Merle.Jones4@gmail.com','Dr. Magnus O\'Hara','2018-05-17 16:27:11'),(21,'Brooklyn_Connelly44@yahoo.com','Jenifer Wehner','2018-05-15 03:59:09'),(22,'Dina52@gmail.com','Susana Lockman','2018-02-27 05:42:51'),(23,'Myriam40@yahoo.com','Evert Grant','2018-05-19 11:46:13'),(24,'Lexus_Becker@yahoo.com','Fermin Carter','2018-07-06 02:01:43'),(25,'Moshe.Cruickshank@gmail.com','Collin Fritsch','2018-08-09 03:26:19'),(26,'Vergie_Zboncak6@hotmail.com','Dr. Houston McLaughlin','2018-06-26 23:03:44'),(27,'Maxie77@gmail.com','Mr. Casandra Quitzon','2017-11-21 09:38:52'),(28,'Sarah_Bashirian@hotmail.com','Lilliana Wehner','2018-06-17 19:30:44'),(29,'Lester_Cormier59@hotmail.com','Hannah Beier','2018-05-29 23:00:26'),(30,'Jose_Hirthe45@yahoo.com','Alyson O\'Keefe','2018-06-03 05:29:06'),(31,'Twila53@gmail.com','Karelle McGlynn','2018-05-12 00:57:36'),(32,'June_Dietrich80@hotmail.com','Ms. Ben Quigley','2018-08-17 13:27:24'),(33,'Asia_Bayer72@gmail.com','Nathanael Hammes','2017-12-08 03:52:11'),(34,'Scottie43@yahoo.com','Saul Corkery','2017-10-31 01:24:45'),(35,'Jose_Sawayn89@yahoo.com','Mertie Koelpin','2018-07-21 05:34:22'),(36,'Ulices.MacGyver32@hotmail.com','Dr. Genevieve Pouros','2018-06-18 05:16:21'),(37,'Milford_Nienow@yahoo.com','Clay Klein','2018-02-15 23:33:49'),(38,'Seamus_Russel42@yahoo.com','Kendall Kuhlman','2018-07-13 21:07:35'),(39,'Lily.Jerde@gmail.com','Marcelo Johnson','2018-06-02 00:26:01'),(40,'Jaylan24@hotmail.com','Meagan Hilpert','2018-02-05 18:30:26'),(41,'Brianne58@hotmail.com','Mrs. Lance Torphy','2018-08-17 19:29:31'),(42,'Raleigh_Emard85@gmail.com','Noemie Feeney','2018-07-16 13:45:06'),(43,'Raul.Breitenberg37@yahoo.com','Imelda Crist','2017-11-13 13:12:21'),(44,'Katharina_Jakubowski@hotmail.com','Karli Farrell','2017-12-19 23:32:48'),(45,'Ada16@gmail.com','Frederik Leffler','2018-10-01 22:52:03'),(46,'Leonora_Kris9@gmail.com','Verdie Braun','2018-04-13 09:47:14'),(47,'Zackary47@yahoo.com','Dr. Nick Hahn','2018-08-07 23:45:37'),(48,'Merl_Towne@yahoo.com','Rosella Orn','2018-07-16 02:59:41'),(49,'Joaquin43@hotmail.com','Ines Strosin','2017-10-14 06:28:50'),(50,'Javon_Nienow55@yahoo.com','Joy Shanahan','2018-01-29 06:38:30'),(51,'Deanna.Senger34@hotmail.com','Macy Hagenes','2018-01-29 03:12:11'),(52,'Shaun_Terry26@hotmail.com','Fidel Kemmer','2018-07-06 18:30:51'),(53,'Jordane17@yahoo.com','Nelda Cronin','2017-12-20 20:14:34'),(54,'Ford_Lubowitz@hotmail.com','Vincent Runte','2018-06-22 22:59:52'),(55,'Salma.Hilpert97@yahoo.com','Mrs. Joan Lebsack','2017-11-22 18:46:57'),(56,'Pablo_Kuhic@hotmail.com','Ceasar O\'Reilly','2018-05-22 02:31:22'),(57,'Elton28@hotmail.com','Neil Gleason','2018-03-11 18:11:20'),(58,'Dorthy.Gulgowski63@yahoo.com','Miss Trudie Gulgowski','2018-05-13 22:50:39'),(59,'Asa.Ward@yahoo.com','Rosina Heaney','2018-05-21 15:15:05'),(60,'Verona_Aufderhar@hotmail.com','Ressie Shanahan','2018-01-22 09:01:30'),(61,'Torrance_Wilderman27@yahoo.com','Pamela Reichert','2018-04-09 06:01:43'),(62,'Constance.Batz@yahoo.com','Geo Tillman','2017-10-13 14:10:45'),(63,'Moriah.Parisian@hotmail.com','Jaeden Sanford','2018-09-22 14:54:59'),(64,'Harry.Carroll7@yahoo.com','Isabella Bechtelar','2017-11-10 06:24:12'),(65,'Aliyah_McClure49@yahoo.com','George Cremin','2017-12-27 21:11:54'),(66,'Royal_Carter67@yahoo.com','Ms. Marcella Hettinger','2018-02-03 10:39:02'),(67,'Kaycee46@yahoo.com','Angelina Hauck','2018-09-21 14:27:40'),(68,'Angela_Cruickshank@yahoo.com','Mrs. Cordelia Renner','2018-06-04 22:21:17'),(69,'Jazmyne58@yahoo.com','Josiane Zulauf','2017-10-29 22:35:02'),(70,'Maureen55@hotmail.com','Dr. Alejandrin Lindgren','2018-01-13 16:18:02'),(71,'Christop_Schuppe49@yahoo.com','Norval Schmitt','2018-06-05 05:20:39'),(72,'Ila.Greenholt52@hotmail.com','Christiana Torp III','2018-01-16 06:39:56'),(73,'Jayda_Quigley@hotmail.com','Mrs. Tressie Heller','2018-03-02 18:54:45'),(74,'Maximilian_Kuphal3@hotmail.com','Samara Cremin','2018-07-15 00:27:10'),(75,'Name.Boyer@gmail.com','Giovanni Skiles V','2017-11-18 07:48:20'),(76,'Piper65@hotmail.com','Molly Runte','2018-09-02 01:23:43'),(77,'Angelita64@hotmail.com','Neal Bernier I','2018-01-06 00:19:44'),(78,'Alexander61@hotmail.com','Edwin Cole','2018-02-08 08:58:31'),(79,'Niko_Bergstrom4@yahoo.com','Terence Barrows','2018-06-03 13:02:02'),(80,'Teresa.Nader47@yahoo.com','Dr. Ellen Cormier','2018-08-26 02:38:14'),(81,'Roxane.Pagac90@yahoo.com','Torrance Carroll','2017-11-09 08:55:59'),(82,'Fern.Bins@yahoo.com','Joey Hauck','2018-04-07 03:59:06'),(83,'Carmen77@yahoo.com','Mustafa Labadie','2018-02-08 05:24:09'),(84,'Lonnie_Altenwerth@yahoo.com','Kaden Beatty I','2018-02-12 15:20:39'),(85,'Isabelle.Casper@yahoo.com','Miss King Grady','2018-06-21 21:25:38'),(86,'Milan.Toy@hotmail.com','Dr. Cierra Metz','2018-06-03 17:08:01'),(87,'Hector32@hotmail.com','Maxime Schmeler','2018-01-28 11:19:19'),(88,'Adalberto5@hotmail.com','Miss Rex Dietrich','2018-05-05 22:14:33'),(89,'Makenna_Feil@gmail.com','Cynthia Treutel','2018-02-04 23:37:31'),(90,'Jackson88@yahoo.com','Marisol Hilll','2018-06-06 21:45:03'),(91,'Reynold17@hotmail.com','Deion Bergnaum','2018-02-11 07:34:10'),(92,'Marilou_Trantow@hotmail.com','Giovanni Dietrich','2018-06-08 00:49:52'),(93,'Paxton.Watsica41@yahoo.com','Brielle Jakubowski','2017-10-13 15:42:48'),(94,'Olin.Armstrong94@yahoo.com','Branson Weber','2018-09-14 10:02:55'),(95,'Karson48@yahoo.com','Micah Kohler','2018-02-11 11:35:47'),(96,'Arlie47@gmail.com','Kody Morissette','2017-11-15 11:29:29'),(97,'Kayleigh.Frami85@hotmail.com','Royal Predovic','2017-11-04 22:34:29'),(98,'Rowan92@hotmail.com','Wilton Lueilwitz','2018-01-03 13:29:09'),(99,'Ruby.Brekke@hotmail.com','Sanford Collins','2017-12-12 01:09:12'),(100,'Macey36@hotmail.com','Maudie Koss','2018-06-04 11:35:11'),(101,'Robb.Hayes@yahoo.com','Terrence Hoeger','2018-01-06 04:29:56'),(102,'Greg.Schneider@yahoo.com','Barton Rodriguez','2018-02-07 05:26:16'),(103,'Cristina.Hilll56@yahoo.com','Lonzo Casper','2017-10-10 08:08:11'),(104,'Laila87@hotmail.com','Nicole Pfeffer','2018-02-18 16:04:49'),(105,'Isac35@yahoo.com','Kaleigh Dach','2018-02-04 02:25:22'),(106,'Halle94@hotmail.com','Cecilia Price','2018-04-19 06:00:59'),(107,'Scotty.Kunde@gmail.com','Zechariah Kessler','2018-02-23 14:39:09'),(108,'Caterina.Bednar@hotmail.com','Vicenta Hartmann PhD','2018-04-20 01:13:14'),(109,'Howard55@yahoo.com','Mafalda Purdy Sr.','2018-04-01 07:50:43'),(110,'Jermey51@yahoo.com','Julianne Heidenreich','2018-09-30 19:33:56'),(111,'Sandrine.Jakubowski88@hotmail.com','Jaiden Jerde','2017-11-14 09:09:29'),(112,'Darrion.Ledner@yahoo.com','Narciso Botsford','2018-05-22 07:17:22'),(113,'Gus54@hotmail.com','Hillard Dibbert Jr.','2018-07-28 09:04:24'),(114,'Shanna.Wehner90@hotmail.com','Euna Klocko','2018-02-22 16:43:49'),(115,'Rebekah_Haag@yahoo.com','Albertha Pagac','2018-02-17 14:19:01'),(116,'Nelda.Torphy@gmail.com','Deshawn Gleichner','2018-08-01 16:06:11'),(117,'Jerod_Lockman@yahoo.com','Rafael Blanda','2018-09-19 16:34:51'),(118,'Brandon33@yahoo.com','Ms. Easter Reichel','2018-04-11 07:52:03'),(119,'Delores.Zulauf12@hotmail.com','Magdalen Reilly','2018-01-14 11:31:51'),(120,'Sheridan.Kuhn@hotmail.com','Gail DuBuque','2018-08-14 13:41:55'),(121,'Curt.Schoen93@gmail.com','Marielle Hyatt','2017-12-01 10:28:04'),(122,'Maximus_Wuckert@gmail.com','Mireille O\'Keefe','2018-07-28 00:20:27'),(123,'Nona_Vandervort27@hotmail.com','Sylvester Berge','2018-07-30 00:48:13'),(124,'Makenzie.Lubowitz76@yahoo.com','Arielle Halvorson II','2018-09-09 18:53:09'),(125,'Verna.OHara98@yahoo.com','Mrs. Alec McKenzie','2017-11-11 23:00:02'),(126,'Octavia.Thompson65@yahoo.com','Garrick Hermann','2018-01-23 22:25:35'),(127,'Rodrigo.Borer85@gmail.com','Janae Dare','2018-09-15 10:05:36'),(128,'Candice28@hotmail.com','Norwood Ernser','2018-03-16 10:00:38'),(129,'Brayan_Leffler@gmail.com','Brayan O\'Hara','2018-04-22 11:29:06'),(130,'Green_Senger94@yahoo.com','Bruce O\'Keefe','2018-03-11 00:17:00'),(131,'Libbie.Kovacek58@yahoo.com','Karlee Waelchi','2018-04-07 08:49:23'),(132,'Maci.Strosin42@yahoo.com','Heloise Haag','2017-11-21 18:05:12'),(133,'Idella34@hotmail.com','Hassie Hartmann','2018-03-23 22:33:05'),(134,'Dahlia58@hotmail.com','Destinee Blick','2018-03-29 08:12:40'),(135,'Shyanne_Wintheiser@gmail.com','Valentine Lakin','2017-10-23 09:47:55'),(136,'Jazmyn_Kling60@yahoo.com','Saige Lynch','2018-07-15 11:00:02'),(137,'Alvina23@gmail.com','Lenora O\'Keefe','2017-10-30 20:52:02'),(138,'Destini.Botsford@yahoo.com','Victor Wiegand DVM','2018-03-20 00:12:00'),(139,'Melvina7@yahoo.com','Mrs. Deshaun Walter','2018-09-18 20:31:29'),(140,'Jack.Bartoletti92@hotmail.com','Rick McCullough','2018-07-31 22:11:03'),(141,'Will.Mayer23@yahoo.com','Burnice Johns','2018-03-31 06:00:15'),(142,'Gianni_Skiles95@gmail.com','Juliana Weissnat MD','2018-01-05 10:32:26'),(143,'German_OKon86@hotmail.com','Bobby Kassulke','2018-01-21 05:47:33'),(144,'Lilla.Schowalter@hotmail.com','Citlalli Kertzmann','2018-10-03 02:14:28'),(145,'Cristian.Ziemann17@gmail.com','Raheem Green DDS','2018-01-06 00:07:25'),(146,'Dariana_Torp@yahoo.com','Sheila Stokes','2018-07-26 08:40:43'),(147,'Neal_Wiza32@yahoo.com','Zora Robel','2017-12-07 19:48:17'),(148,'Fern_Williamson43@hotmail.com','Thad O\'Kon','2018-07-22 02:27:51'),(149,'Dusty_Veum11@hotmail.com','Geovanny Rodriguez','2017-10-14 18:40:19'),(150,'Jackie66@hotmail.com','Delores Reichert','2017-12-01 05:05:19'),(151,'Garrison.Romaguera@gmail.com','Mrs. Winston Brakus','2018-07-07 09:17:57'),(152,'Freddie.Stracke80@hotmail.com','Jaren Wisozk','2017-12-18 11:21:41'),(153,'Lew.Haley@hotmail.com','Lafayette Cruickshank','2018-07-22 16:22:10'),(154,'Ceasar86@hotmail.com','Felicity Krajcik','2017-10-27 11:31:00'),(155,'Doris.Abshire@hotmail.com','Cody Klein','2018-07-15 18:34:55'),(156,'Royce.OHara26@yahoo.com','Jane Kiehn','2018-07-03 20:14:35'),(157,'Donna.Douglas49@gmail.com','Candelario Hickle','2018-01-01 21:08:10'),(158,'Tristin_Howell@yahoo.com','Dorian Shanahan','2017-12-03 03:34:41'),(159,'Kaia.Olson@yahoo.com','Stanton Jakubowski','2018-01-26 22:21:17'),(160,'Nikko3@gmail.com','Hunter Lang','2017-11-14 06:12:01'),(161,'Sydni_Stracke69@gmail.com','Magnolia Mayer','2017-12-25 19:49:27'),(162,'Holly_Thompson58@yahoo.com','Madonna Mante IV','2017-10-29 10:31:34'),(163,'Ladarius62@yahoo.com','Ferne Ondricka','2018-05-12 18:23:27'),(164,'Rodrick_Romaguera@gmail.com','Jameson Ryan MD','2018-07-04 20:08:42'),(165,'Dolores36@yahoo.com','Roger Funk','2018-01-21 19:37:37'),(166,'Karson_Welch@gmail.com','Aliza Cole','2018-06-05 11:48:04'),(167,'Davonte_Skiles59@gmail.com','Rhea Hegmann','2017-12-05 13:25:43'),(168,'Oswald_Lehner@gmail.com','Chaim Dare','2017-12-08 12:50:53'),(169,'Audra47@yahoo.com','Jaron Collins','2018-08-21 10:19:04'),(170,'Rae_Rodriguez55@hotmail.com','Mr. Antonietta Dickens','2018-07-13 17:30:12'),(171,'Efren.Spencer51@gmail.com','Christopher Huels','2018-05-15 12:59:19'),(172,'Camren_Powlowski@yahoo.com','Aurelia Medhurst','2017-12-12 03:53:37'),(173,'Aletha_Gulgowski@gmail.com','Meagan Toy','2018-04-24 07:52:53'),(174,'Bartholome.Boyle10@hotmail.com','Dejon Orn','2017-11-26 18:06:42'),(175,'Hilda61@yahoo.com','Maryse Will II','2018-05-23 17:30:50'),(176,'Crystel71@hotmail.com','Demarcus Windler III','2018-05-17 15:19:26'),(177,'Lolita_Marquardt77@hotmail.com','Estella Vandervort','2017-12-17 05:55:37'),(178,'Makenzie.Jacobson18@gmail.com','Hyman Kshlerin','2018-07-19 22:53:12'),(179,'Nelle.Rosenbaum@hotmail.com','Brianne Larson DDS','2018-05-19 08:38:04'),(180,'Stewart75@gmail.com','Meta Kuvalis','2018-09-25 06:40:56'),(181,'Daisy.Leuschke3@gmail.com','Dorris Jones','2018-10-05 03:09:26'),(182,'Eileen.Senger83@hotmail.com','Junior Schmeler','2017-10-18 21:14:57'),(183,'Aniyah_Cole35@gmail.com','Elisha Schoen','2017-12-28 16:31:16'),(184,'Darrel_Abshire20@gmail.com','Max Tromp','2018-09-25 02:13:09'),(185,'Orland66@yahoo.com','Edwardo Beahan','2018-07-30 05:19:39'),(186,'Krystel.Hammes37@gmail.com','Claire Stracke','2018-07-17 13:22:54'),(187,'Godfrey.Spencer@yahoo.com','May Frami','2017-11-21 08:56:22'),(188,'Aniyah_Runolfsson25@yahoo.com','Ova Koss I','2018-01-28 11:51:37'),(189,'Eduardo36@yahoo.com','Judson Braun','2018-06-26 06:26:36'),(190,'Faye43@hotmail.com','Dr. Kennedy Champlin','2018-08-03 04:53:46'),(191,'Isabell_Maggio13@hotmail.com','Mathew Fahey','2018-02-20 08:52:16'),(192,'Asa_Wisozk54@yahoo.com','Yasmine Brekke','2018-04-28 19:29:28'),(193,'Jadyn3@gmail.com','Amelia Dare','2018-03-22 12:39:15'),(194,'Ebony.Reichel@yahoo.com','Kristina Jakubowski','2018-09-20 19:06:22'),(195,'Marina.Gusikowski49@hotmail.com','Claudie Krajcik','2018-02-06 19:03:01'),(196,'Cade62@hotmail.com','Imelda Douglas','2018-09-18 22:43:30'),(197,'Devyn60@gmail.com','Grady Funk','2018-06-08 07:59:53'),(198,'Cary.Bashirian79@gmail.com','Selina Murphy','2018-06-21 23:56:45'),(199,'Hettie_Nolan@yahoo.com','Caleigh Christiansen DVM','2017-12-20 08:31:30'),(200,'Jedidiah.Stamm33@hotmail.com','Ernestina Morissette','2018-01-23 03:03:13'),(201,'Jodie15@yahoo.com','Gabe Kautzer','2018-08-09 23:55:28'),(202,'Baron_OConnell@hotmail.com','Matilde Padberg','2018-09-09 15:38:04'),(203,'Hailee.Daugherty@gmail.com','Maybelle Mueller','2018-07-01 06:32:15'),(204,'Dell82@yahoo.com','Trace McClure','2018-08-27 02:39:56'),(205,'Melba_Denesik@yahoo.com','Kendra Raynor','2018-03-16 02:39:08'),(206,'Donnell2@gmail.com','Broderick O\'Connell','2017-11-23 03:40:54'),(207,'Fredrick95@yahoo.com','Ms. Tatum Gerlach','2017-12-13 15:11:30'),(208,'Adela.Morissette22@gmail.com','Garry Russel','2017-12-28 22:07:15'),(209,'Helen_Towne80@gmail.com','Esta Hermiston','2018-02-14 02:44:18'),(210,'Lon.Gislason@yahoo.com','Gregory Lebsack','2017-12-11 22:03:45'),(211,'Kathleen_Cummings76@hotmail.com','Elizabeth Bins','2017-11-01 02:08:22'),(212,'Marco.Fritsch@hotmail.com','Easton Brown','2018-02-05 17:28:53'),(213,'Bo_Koelpin87@gmail.com','Reece Little','2018-09-24 21:54:27'),(214,'Kiley24@gmail.com','Marcelina Hegmann','2018-03-29 03:58:36'),(215,'Jackeline.Eichmann@yahoo.com','Mrs. Adrianna McGlynn','2018-08-19 08:00:30'),(216,'Dominic.Rogahn99@yahoo.com','Alexandra Kilback','2018-10-02 07:20:36'),(217,'Jed_Gibson53@gmail.com','Louisa Tromp','2018-02-09 00:19:03'),(218,'Velma79@gmail.com','Emory Renner','2017-12-08 09:51:32'),(219,'Hattie.Wolff50@yahoo.com','Frieda Schamberger','2017-11-28 17:36:26'),(220,'Gerard62@gmail.com','Brenna Towne','2018-06-26 16:58:12'),(221,'Vergie.Prosacco@gmail.com','Rebekah Gislason','2018-07-21 17:50:58'),(222,'Ford83@hotmail.com','Opal Willms','2018-01-29 10:20:05'),(223,'Summer_Trantow@yahoo.com','Albina Leffler','2018-06-25 02:01:54'),(224,'Karlie_Hintz@hotmail.com','Joanne Hyatt','2018-08-02 03:13:27'),(225,'Polly.White@hotmail.com','Raleigh Larson','2018-07-03 01:29:00'),(226,'Alana23@gmail.com','Jerald Altenwerth IV','2018-03-04 09:09:00'),(227,'Dawn.Spinka60@yahoo.com','Carley Kub','2018-07-27 23:39:23'),(228,'Andrew35@hotmail.com','Eugene Hudson','2017-12-18 05:52:52'),(229,'Rylee49@hotmail.com','Alexzander Grant','2017-10-26 08:43:25'),(230,'Lillian.Streich5@yahoo.com','Nia O\'Reilly','2018-04-28 06:59:24'),(231,'Francesca.Emmerich@yahoo.com','Brown Marks','2018-07-27 06:07:24'),(232,'Courtney.Nader@hotmail.com','Neal Goyette','2017-12-04 09:18:43'),(233,'Dannie.Terry11@hotmail.com','Sam Larkin','2017-11-15 15:54:23'),(234,'Olin.Miller33@hotmail.com','Wade Becker','2018-07-26 08:48:19'),(235,'Oran74@gmail.com','Meggie Bashirian','2017-11-14 16:49:42'),(236,'Milo.Towne66@yahoo.com','Rolando Waters','2018-03-04 12:12:23'),(237,'Darby_Murray@hotmail.com','Patience Cole','2018-04-12 15:28:30'),(238,'Evangeline38@hotmail.com','Myrtice Ratke','2017-11-22 10:19:09'),(239,'Eleazar_Towne51@hotmail.com','Maudie Labadie','2017-11-14 00:08:01'),(240,'Edd3@gmail.com','Mrs. Carmella Huels','2018-06-12 07:48:04'),(241,'Sister_Jakubowski@yahoo.com','Aniyah Goldner','2018-02-24 04:21:30'),(242,'Moises.Mayer45@gmail.com','Hettie Effertz','2018-07-13 15:06:41'),(243,'Richmond13@hotmail.com','Jewell Halvorson','2018-06-26 12:27:52'),(244,'Mortimer.Morissette63@hotmail.com','Dr. Rollin Morissette','2018-03-29 05:03:05'),(245,'Norris.Kshlerin7@gmail.com','Trevion Trantow','2018-06-02 01:11:58'),(246,'Dorothea74@yahoo.com','Melody Hermiston','2018-06-10 21:52:47'),(247,'Zoie_Harris64@yahoo.com','Gabrielle Hudson','2018-02-20 02:24:42'),(248,'Tremayne96@hotmail.com','Georgiana McGlynn','2018-01-30 21:10:44'),(249,'Winifred32@yahoo.com','Hans Emard','2018-09-16 06:53:37'),(250,'Wilfred59@hotmail.com','Obie Hamill','2018-09-20 22:10:58'),(251,'Anita.Koss@hotmail.com','Jack Pollich IV','2018-05-04 22:29:53'),(252,'Keith_Hickle45@gmail.com','Gayle West','2018-02-26 00:40:25'),(253,'Mack_Hirthe92@hotmail.com','Lorenza Raynor','2018-08-19 14:52:59'),(254,'Destany_Cummings@gmail.com','Mekhi Yundt','2018-05-02 15:48:55'),(255,'Judson_Hansen@hotmail.com','Dr. Lukas Boyer','2018-02-12 11:29:23'),(256,'Liana.Mayer@yahoo.com','Friedrich Toy','2018-06-09 20:42:18'),(257,'Tessie_Ebert@gmail.com','Marlin Konopelski','2018-02-25 05:10:38'),(258,'Fredy.Considine@gmail.com','Tierra Ward','2017-12-06 01:21:33'),(259,'Domenick33@gmail.com','Luna Kris','2018-03-15 00:36:38'),(260,'Gianni49@hotmail.com','Seth Mueller','2017-11-10 02:22:40'),(261,'Joshua_McKenzie@hotmail.com','Ms. Alexandria Zboncak','2018-03-18 08:38:35'),(262,'Mylene.Kilback59@hotmail.com','Jorge Flatley','2018-09-08 01:28:22'),(263,'Timmy41@yahoo.com','Scotty Marquardt','2018-08-24 05:54:04'),(264,'Arden.Wolff@hotmail.com','Tyreek Torphy','2018-09-13 23:55:32'),(265,'Lewis4@hotmail.com','Cassandre Beatty DDS','2018-03-21 00:33:23'),(266,'Susanna48@gmail.com','Margarita Dietrich','2018-02-20 16:34:13'),(267,'Denis14@gmail.com','Josie Kassulke','2018-05-09 06:17:53'),(268,'Karelle_Hills66@hotmail.com','Evalyn Fritsch I','2018-07-18 11:53:14'),(269,'Rosella15@hotmail.com','Bertrand Fritsch','2017-10-10 05:39:45'),(270,'Tianna.Wintheiser51@yahoo.com','Evan Morar','2018-04-18 18:46:18'),(271,'Reece_Osinski11@gmail.com','Moriah Jaskolski','2018-01-01 10:05:42'),(272,'Frank.Effertz@gmail.com','Mrs. Austen Bode','2017-11-17 09:23:45'),(273,'Diana_Prohaska86@hotmail.com','Javier Corwin I','2018-02-04 01:28:33'),(274,'Adam_Rowe44@yahoo.com','Mrs. Martine Kassulke','2018-02-26 17:42:26'),(275,'Terry_Corwin1@yahoo.com','Ora Fisher','2018-01-02 05:32:51'),(276,'Keegan.Baumbach@gmail.com','Jerry Stark','2018-06-13 12:56:45'),(277,'Jordon.Murphy91@yahoo.com','Verda O\'Connell','2017-10-08 12:03:22'),(278,'Elva.Kris@hotmail.com','Lempi Wilkinson','2018-01-21 06:13:01'),(279,'Jettie.Rutherford27@gmail.com','Reynold Herzog','2018-03-14 17:17:27'),(280,'Darrick_Yundt@hotmail.com','Triston Swift','2018-08-30 08:54:33'),(281,'Rickey64@yahoo.com','George Lindgren','2018-05-08 01:55:18'),(282,'Mireya.Schimmel@hotmail.com','Werner Marvin','2018-05-03 08:27:59'),(283,'Jillian_White20@hotmail.com','Lynn Keebler','2018-02-13 03:19:19'),(284,'Marta_Rohan@hotmail.com','Ms. Mack Gislason','2017-12-24 15:46:02'),(285,'Damon80@yahoo.com','Briana Jacobson','2018-01-22 18:13:07'),(286,'Vinnie80@yahoo.com','Matt Buckridge','2018-06-23 19:54:23'),(287,'Christina84@hotmail.com','Carmen Schimmel V','2018-03-16 19:17:28'),(288,'Chelsea61@hotmail.com','Kathryn Gleichner','2018-05-09 06:55:49'),(289,'Julia.Dooley@hotmail.com','Micaela Little','2018-09-02 17:04:57'),(290,'Miracle_Boyle68@hotmail.com','Josiane Crist','2018-03-23 12:33:19'),(291,'Earl81@yahoo.com','Danny Tromp','2018-05-08 13:48:33'),(292,'Meagan.Harvey@yahoo.com','Ava Keebler','2018-05-19 03:31:09'),(293,'Blake15@gmail.com','Roma Trantow','2018-03-28 16:08:22'),(294,'Mellie.Reilly11@gmail.com','Shawna Murazik','2018-08-17 16:51:49'),(295,'Nia_Champlin@hotmail.com','Anibal Tremblay','2017-10-22 13:30:13'),(296,'Mallie92@gmail.com','Enoch O\'Hara','2017-10-09 05:39:31'),(297,'Ron.Koepp81@yahoo.com','Mrs. Jamarcus Prosacco','2018-04-06 07:09:20'),(298,'Kari26@yahoo.com','Hubert Hickle','2018-09-06 02:12:44'),(299,'Hosea67@hotmail.com','Cindy Eichmann','2018-05-19 12:12:49'),(300,'Henderson31@hotmail.com','Imelda Collins','2018-05-16 20:23:29'),(301,'Juston_Wyman@yahoo.com','Freeda Rath','2017-10-07 10:27:48'),(302,'Mariane_OKeefe82@yahoo.com','Jennie Rath','2017-11-16 07:31:47'),(303,'Curtis.Johnson0@yahoo.com','Garrison Harber','2018-01-10 23:20:41'),(304,'Fred_Maggio9@gmail.com','Hudson Powlowski','2018-05-22 10:03:35'),(305,'Daisy_Shanahan89@gmail.com','Adele Senger','2017-11-22 00:40:05'),(306,'Raina29@gmail.com','Vesta Jerde','2018-06-27 12:23:05'),(307,'Chandler9@gmail.com','Benton Yost','2017-11-20 14:57:04'),(308,'Lamar.Klein74@gmail.com','Khalid McKenzie','2017-10-22 20:37:06'),(309,'Breana.Littel@gmail.com','Dr. Gillian Zieme','2018-01-29 01:05:34'),(310,'Darwin.OConnell@gmail.com','Annabell Beahan','2018-04-03 02:41:26'),(311,'Ora98@gmail.com','Judd Kuhn','2017-10-23 15:27:42'),(312,'Anabelle_Hane41@gmail.com','Kale Fahey','2018-04-21 13:55:32'),(313,'Vernon27@yahoo.com','Lenora Crona','2017-10-13 20:10:22'),(314,'Ilene_Witting@hotmail.com','Lawrence Will','2018-04-20 22:33:35'),(315,'Destany_Schmeler@gmail.com','Elinor Bednar','2018-03-04 18:52:31'),(316,'Caden_Pouros@yahoo.com','Bonita Rau','2017-10-17 22:59:04'),(317,'Trace65@yahoo.com','Dr. Florian Maggio','2018-02-03 10:52:31'),(318,'Clifford71@hotmail.com','Jermey Maggio IV','2018-01-29 15:51:18'),(319,'Coby32@hotmail.com','Drew Sporer','2018-06-01 23:51:58'),(320,'Cindy31@gmail.com','Edmund Legros DVM','2018-06-01 13:38:15'),(321,'Darrel13@yahoo.com','Violette Smith IV','2018-01-28 04:30:55'),(322,'Jerry59@hotmail.com','Felipe Osinski','2018-10-04 22:14:21'),(323,'Dawn.Jones28@hotmail.com','Jules Yundt','2018-08-27 18:57:26'),(324,'Ernesto_Brekke@hotmail.com','Lindsay Hodkiewicz','2017-11-27 22:36:23'),(325,'Sandra.Gorczany@hotmail.com','Darron Stokes','2018-08-18 21:26:00'),(326,'Neha_Gottlieb@hotmail.com','Jerod Hudson','2018-06-20 23:02:09'),(327,'Virginia.Huel@hotmail.com','Hadley Gorczany','2018-01-17 16:22:00'),(328,'Octavia91@yahoo.com','Vito Kub','2018-01-01 17:47:22'),(329,'Jazmyne26@gmail.com','Newton Abernathy','2018-02-27 17:26:04'),(330,'Fae_Rice@gmail.com','Harrison Kreiger','2018-07-26 19:15:20'),(331,'Maeve84@gmail.com','Carmel Kihn','2017-10-14 15:30:02'),(332,'Jeremie_Watsica@gmail.com','Marilie Bahringer','2018-04-18 07:08:54'),(333,'Jacinto.Feest@yahoo.com','Madaline Dibbert','2018-07-10 21:42:59'),(334,'Adele52@hotmail.com','Kaylee Gerhold','2018-07-29 09:49:29'),(335,'Harold21@hotmail.com','Jewel Beahan','2018-09-15 12:19:03'),(336,'Edgar.Gleason70@yahoo.com','Delta Jast DDS','2017-10-20 09:10:55'),(337,'Blaise_Reynolds@gmail.com','Pink Schroeder','2017-11-22 19:27:49'),(338,'Johnson_Hirthe10@hotmail.com','Armand Tromp','2017-12-02 02:06:28'),(339,'Savanah47@yahoo.com','Rickey Maggio','2018-09-15 14:52:39'),(340,'Terrill.Jakubowski64@gmail.com','Lilly Feil','2018-07-18 04:54:03'),(341,'Alan5@yahoo.com','Jaron Waelchi','2018-02-18 20:59:17'),(342,'Timmy.Boehm7@hotmail.com','Robb Pfannerstill','2018-06-28 02:13:18'),(343,'Sadye.Bergstrom@yahoo.com','Alexandria Zemlak','2018-07-15 04:34:30'),(344,'Sabrina47@hotmail.com','Marilyne Herzog','2018-08-21 12:41:54'),(345,'Ewell54@yahoo.com','Mr. Novella Franecki','2018-07-10 10:38:42'),(346,'Giovani.Wehner45@hotmail.com','Cletus Swaniawski','2018-07-25 09:56:37'),(347,'Benedict_Robel@gmail.com','Mrs. Mabelle Hessel','2018-04-03 01:40:37'),(348,'Darby_Block@gmail.com','Mia Bednar III','2018-05-24 15:52:43'),(349,'Libbie39@hotmail.com','Jaiden Lebsack','2018-04-10 10:24:53'),(350,'Eunice26@hotmail.com','Miss Junius Jacobi','2018-01-15 07:39:32'),(351,'Beatrice14@hotmail.com','Dr. Estevan Champlin','2018-09-18 19:23:20'),(352,'Sylvia_Erdman82@yahoo.com','Otto Shields','2018-04-21 02:46:40'),(353,'Oda62@gmail.com','Khalid Boyer DDS','2018-08-09 17:23:00'),(354,'Kip47@gmail.com','Ali Hintz','2017-10-25 17:37:42'),(355,'Brain_Lind79@yahoo.com','Hector Kilback','2018-03-06 11:21:14'),(356,'Donavon25@yahoo.com','Herman Waters','2018-06-25 03:19:14'),(357,'Cristal.Dooley@yahoo.com','Katelyn Hills PhD','2018-08-22 08:35:10'),(358,'Dario_Hane47@hotmail.com','Joana O\'Connell','2017-11-13 12:41:06'),(359,'Marilie49@gmail.com','Zula Smitham','2018-04-26 11:45:27'),(360,'Hilario_Kuhn75@hotmail.com','Mrs. Augusta Rath','2017-11-22 00:03:20'),(361,'Henriette15@hotmail.com','Chance Erdman','2018-09-07 11:19:25'),(362,'Albina_Brekke55@gmail.com','Buster McCullough','2017-10-21 21:28:11'),(363,'Santino90@hotmail.com','Steve Prosacco I','2017-11-28 13:30:55'),(364,'Beverly.Hoppe83@gmail.com','Oren Champlin','2018-09-16 00:41:46'),(365,'Rickie_Bergnaum@gmail.com','Dudley Langosh','2018-07-15 19:14:20'),(366,'Jane12@hotmail.com','Alize Crooks','2017-11-24 20:43:02'),(367,'Anissa_Kulas@gmail.com','Guy Hayes Sr.','2017-12-10 17:56:07'),(368,'Travon36@hotmail.com','Daphne Hessel','2018-08-17 19:02:02'),(369,'Lonnie_Baumbach@gmail.com','Junior Cronin','2018-08-27 05:34:01'),(370,'Caden_Kuvalis47@gmail.com','Levi Mayert','2018-03-20 15:40:18'),(371,'Jessy64@yahoo.com','Ernest Friesen','2018-05-27 05:33:21'),(372,'Aletha.Johns@yahoo.com','Lily Fahey','2018-08-10 06:06:31'),(373,'Dale.Gleichner20@gmail.com','Miss Katrina Parisian','2018-06-02 08:11:18'),(374,'Maritza_Walsh14@hotmail.com','Christy Hane','2018-08-24 11:01:46'),(375,'Connor70@yahoo.com','Coby Hills MD','2018-08-28 06:21:06'),(376,'Henri_Hickle@yahoo.com','Marisol Bailey','2017-12-08 17:37:42'),(377,'Daphney_Bayer53@yahoo.com','Emory Lehner','2018-05-29 07:58:47'),(378,'Andreane.Wiza@gmail.com','Mallie McDermott','2018-07-31 00:33:38'),(379,'Fae_Ondricka65@gmail.com','Katarina Ward','2018-04-10 00:12:57'),(380,'Solon.Pfeffer@hotmail.com','Destinee Stark MD','2018-07-21 14:49:21'),(381,'Bryce95@yahoo.com','Corene Hand','2018-04-07 20:18:29'),(382,'Kailyn91@hotmail.com','Ms. Kirsten Kessler','2018-09-14 05:43:21'),(383,'Elfrieda_Heathcote56@gmail.com','Susana Cassin','2017-11-30 10:00:19'),(384,'Leonardo_Jacobson@gmail.com','Pansy Harris','2018-08-25 15:25:55'),(385,'Selena89@yahoo.com','Maybelle Reichert','2018-08-26 11:20:29'),(386,'Coralie.Kutch@hotmail.com','Shea Ernser','2018-07-08 09:56:00'),(387,'Ludie34@gmail.com','Alanis Nader','2018-04-13 23:13:22'),(388,'Marjorie.Zulauf23@yahoo.com','Elijah Bahringer','2018-01-30 19:04:43'),(389,'Mckenna_Friesen95@yahoo.com','Kendrick Welch','2018-05-03 07:33:01'),(390,'Caleb.Hilll@hotmail.com','Francisca Runte','2018-02-19 11:16:12'),(391,'Manuel.McClure2@yahoo.com','Sharon Rau','2017-12-21 12:24:56'),(392,'Faye.Glover@gmail.com','Norwood Abshire','2018-07-05 06:29:54'),(393,'Lessie_Kuhic68@yahoo.com','Oceane Herzog','2017-11-15 15:47:33'),(394,'Keegan.Reynolds14@yahoo.com','Lenna Blick','2018-08-04 02:22:36'),(395,'Bette75@gmail.com','Leonel Fay','2018-04-26 12:58:30'),(396,'Waldo_Sipes85@hotmail.com','Vincenza Kemmer','2018-06-24 01:06:02'),(397,'Michaela.Dickens@yahoo.com','Nash Beer','2018-07-31 14:55:32'),(398,'Betsy_Beer@yahoo.com','Mrs. Freida Williamson','2018-06-10 11:04:11'),(399,'Elza.Murazik97@yahoo.com','Gus Bergnaum','2017-11-09 16:38:27'),(400,'Alexandrine_Wiza@hotmail.com','Miss Jerrell Armstrong','2018-06-11 00:50:07'),(401,'Esperanza_Gulgowski@gmail.com','Vaughn Lueilwitz','2018-08-10 02:22:53'),(402,'Corbin_Howell@gmail.com','Chesley Klocko','2017-10-13 11:10:22'),(403,'Adelbert_Kuhlman@hotmail.com','Benton Rippin','2018-04-08 15:30:48'),(404,'Jalon76@yahoo.com','Larry Feest','2017-12-06 06:09:39'),(405,'Gladyce.Tromp@hotmail.com','Anahi Larson','2017-12-08 02:54:04'),(406,'Assunta_Zboncak@yahoo.com','Jordy Wintheiser','2018-07-11 22:09:26'),(407,'Missouri.Crooks@yahoo.com','Green Williamson','2018-08-28 08:46:50'),(408,'Aylin62@gmail.com','Jules Schimmel','2018-01-05 04:59:07'),(409,'Hannah_Koch@gmail.com','Margaretta Cummings','2018-04-04 05:05:26'),(410,'Leonora_Nader53@yahoo.com','Adolfo O\'Hara','2018-08-08 00:47:58'),(411,'Vesta45@gmail.com','Iva Reinger','2018-07-22 16:16:14'),(412,'Hudson.Cummerata20@gmail.com','Xander Hoppe','2018-03-09 01:17:24'),(413,'Garland_Auer89@gmail.com','Nels Moen','2018-02-23 06:22:28'),(414,'Ibrahim_Treutel5@yahoo.com','Esteban White Jr.','2018-05-18 20:32:13'),(415,'Christophe.Lindgren94@yahoo.com','Keith Simonis','2017-12-01 14:11:11'),(416,'Luther_Schaden@gmail.com','Marilyne Cole','2018-08-27 04:07:04'),(417,'Eryn74@gmail.com','Bryon Christiansen','2018-08-23 23:44:47'),(418,'Jennings_Block@gmail.com','Scotty Blanda','2018-09-07 06:19:37'),(419,'Adele_Kohler@yahoo.com','Mohamed Parker III','2017-12-07 20:55:08'),(420,'Jaren58@yahoo.com','Ms. Mitchell Ondricka','2018-07-12 16:33:00'),(421,'Albertha_Buckridge@hotmail.com','Burnice Mohr','2018-09-13 06:36:09'),(422,'Minnie.Pagac@hotmail.com','Mariah Fadel','2017-10-07 15:14:13'),(423,'Fernando.Kirlin@hotmail.com','Danielle Smitham','2017-12-21 04:26:17'),(424,'Javon.Haag64@hotmail.com','Jaiden Beatty','2018-04-12 04:16:50'),(425,'Annette_Howe31@hotmail.com','Kaela Luettgen','2018-08-14 23:49:54'),(426,'Lucie.Aufderhar@gmail.com','Georgette Mraz','2018-01-19 09:30:10'),(427,'Kyle.Renner@yahoo.com','Lela Roob','2018-04-19 15:22:40'),(428,'Jordy.Okuneva@gmail.com','Lisandro Oberbrunner','2017-10-27 21:18:25'),(429,'Carlee.Kub22@hotmail.com','Mona Bauch','2018-04-07 09:57:03'),(430,'Erwin32@yahoo.com','Miss Aniyah Ortiz','2018-09-06 05:33:57'),(431,'Loy_Greenfelder@yahoo.com','Hertha Christiansen','2018-06-17 15:49:13'),(432,'Cleora39@gmail.com','Sim Daniel','2018-06-15 10:55:14'),(433,'Drew_Morar73@yahoo.com','Kaylee Huels V','2018-01-19 03:58:30'),(434,'Tyler_OReilly@yahoo.com','Alta Braun','2018-06-13 19:34:22'),(435,'Loraine.Jast@yahoo.com','Sibyl Kshlerin','2018-08-06 00:51:27'),(436,'Abelardo.Rippin42@yahoo.com','Daija Mosciski','2018-06-12 11:42:51'),(437,'Jay_Lindgren10@gmail.com','Antonietta Harber','2017-11-06 12:34:57'),(438,'Cale.Okuneva@gmail.com','Virginie Schamberger','2018-01-07 20:36:15'),(439,'Claud_Davis15@yahoo.com','Miss Juwan Leuschke','2018-09-12 05:42:23'),(440,'Xavier_Pacocha@gmail.com','Triston Green','2017-11-19 08:01:04'),(441,'Lincoln.Swift@gmail.com','Mrs. Nickolas Pagac','2018-06-15 14:56:25'),(442,'Osborne.Windler21@gmail.com','Pete Lesch','2018-09-24 05:44:15'),(443,'Dashawn_Mueller36@gmail.com','Kiel Little','2018-10-03 15:56:36'),(444,'Preston.Friesen21@yahoo.com','Verna Runolfsdottir','2018-10-04 04:39:05'),(445,'Bianka99@yahoo.com','Roderick Kunze','2018-08-09 22:39:28'),(446,'Mohamed_Kub@gmail.com','Westley Lesch PhD','2018-01-16 05:47:39'),(447,'Maye.Funk@gmail.com','Hayden Terry','2018-07-30 03:59:49'),(448,'Sonya52@hotmail.com','Russ Eichmann','2017-11-14 09:46:25'),(449,'Richie.Wunsch@gmail.com','Mrs. Aisha Fay','2017-11-27 15:31:00'),(450,'Gordon.Kertzmann@hotmail.com','Mrs. Casper Cummerata','2018-01-26 08:08:46'),(451,'Derek2@hotmail.com','Reva Armstrong','2018-08-18 05:58:32'),(452,'Chadrick_Quitzon@gmail.com','Rowena Kuphal','2018-04-15 19:57:51'),(453,'Albert48@hotmail.com','Cloyd Lindgren','2018-09-09 21:18:15'),(454,'Candida.Schulist@hotmail.com','Deshawn Frami','2018-06-20 07:12:03'),(455,'Chad.Howell@yahoo.com','Brianne Upton','2018-09-28 05:36:28'),(456,'Zita.Buckridge46@gmail.com','Sebastian Schaden','2017-12-02 20:31:35'),(457,'Esta.Powlowski19@hotmail.com','Beth Barrows','2018-05-16 00:46:59'),(458,'Gussie_Towne83@gmail.com','Kareem Boehm','2017-11-06 15:48:04'),(459,'Bulah_Johnson45@yahoo.com','Winfield Koelpin','2018-05-30 17:39:01'),(460,'Tevin.Hudson@hotmail.com','Alford Veum III','2018-04-16 00:30:15'),(461,'Lon_Leannon79@yahoo.com','Gisselle Roberts','2018-08-28 19:00:34'),(462,'General21@hotmail.com','Darion Schiller','2018-04-28 13:14:37'),(463,'Kolby_Braun98@gmail.com','Mrs. Keyon Romaguera','2017-12-02 23:49:22'),(464,'Eriberto.Mitchell@gmail.com','Palma Balistreri PhD','2018-04-28 01:56:22'),(465,'Gabe_Bernhard15@yahoo.com','Harvey Emard','2018-04-18 04:32:26'),(466,'Ebony89@gmail.com','Breanne Champlin','2017-10-31 20:51:31'),(467,'Vince.Lakin@yahoo.com','Berniece Ullrich DVM','2018-07-21 02:54:49'),(468,'Linnea_Lemke@gmail.com','Howard Howe','2018-04-12 00:29:54'),(469,'Sienna17@gmail.com','Dr. Lexi Mayert','2018-08-08 10:59:59'),(470,'Immanuel.Kerluke75@hotmail.com','Damaris Greenfelder','2018-08-11 03:58:40'),(471,'Bernita_Goyette0@yahoo.com','Ariane Farrell II','2018-09-10 11:46:58'),(472,'Jonatan2@yahoo.com','Rosendo Langworth','2017-10-26 03:24:05'),(473,'Lourdes.Nitzsche36@gmail.com','Kara Mills','2018-01-02 08:06:40'),(474,'Shania_Funk@gmail.com','Alexandre Lueilwitz','2018-03-06 15:39:25'),(475,'Clifton92@yahoo.com','Clifford Metz','2018-02-19 04:16:49'),(476,'Duane6@gmail.com','Dr. Einar Steuber','2018-08-10 08:19:54'),(477,'Maximus73@gmail.com','Haley Rippin','2018-07-31 11:45:14'),(478,'Eudora_Towne@gmail.com','Ignatius Hettinger IV','2018-03-08 00:52:52'),(479,'Laverna.Ward0@yahoo.com','Ila Fadel IV','2017-11-19 21:33:12'),(480,'Thora_Bruen58@yahoo.com','Earline Becker','2018-01-13 00:26:13'),(481,'Alyce_Hand80@yahoo.com','Casper Jacobi','2018-07-28 03:35:25'),(482,'Trinity_Kunde@hotmail.com','Tremaine Bode','2017-12-21 22:18:07'),(483,'Scottie85@yahoo.com','Hellen Fahey','2018-05-04 03:44:52'),(484,'Chaya_Pfeffer@hotmail.com','Dee Lueilwitz','2017-11-02 02:38:13'),(485,'Zora_Abbott@yahoo.com','Darrion Crona','2018-09-23 10:10:54'),(486,'Elwyn_Cartwright12@hotmail.com','Mrs. Aisha Auer','2018-07-12 16:17:38'),(487,'Estefania_OConnell93@yahoo.com','Cedrick Rodriguez','2017-12-21 17:13:33'),(488,'Carolyn57@hotmail.com','Beau Schultz PhD','2018-03-11 07:28:08'),(489,'Wilfred_Ankunding@hotmail.com','Keyon Jenkins MD','2017-11-24 03:05:09'),(490,'Arno.Davis@yahoo.com','Laurianne Monahan','2018-04-30 13:08:15'),(491,'Ayana_Labadie@hotmail.com','Arianna Koelpin','2018-09-16 05:22:45'),(492,'Sydni39@yahoo.com','Blanche Schaden','2018-02-22 11:27:10'),(493,'Lucy.Mosciski41@yahoo.com','Jonas Miller','2018-09-05 11:51:42'),(494,'Cedrick.Brekke@gmail.com','Carson Streich','2018-01-14 07:42:57'),(495,'Stanton.Hermiston8@hotmail.com','Okey Nolan','2017-10-12 19:07:33'),(496,'Dimitri.Flatley35@hotmail.com','Jeanne Mraz','2018-09-20 00:46:36'),(497,'Elizabeth_Beier@yahoo.com','Fanny Veum','2018-04-14 05:54:50'),(498,'Lonzo.Wyman80@hotmail.com','Georgianna Nitzsche','2018-01-21 18:37:20'),(499,'Vickie34@hotmail.com','Grayson Rice DVM','2018-07-26 19:22:55'),(500,'German_Hettinger16@yahoo.com','Dejah Kutch','2017-11-11 22:34:25'),(501,'Danial_Donnelly95@yahoo.com','Delfina Rippin','2018-05-01 08:42:13'),(502,'Lon.Beier2@yahoo.com','Kristy Gorczany','2017-12-29 14:40:13'),(503,'Mellie31@gmail.com','Gardner Heaney','2017-11-24 19:19:49'),(504,'Gustave.Schmitt@hotmail.com','Nora Weber','2018-01-08 13:25:38'),(505,'Sigrid62@hotmail.com','Florida Littel','2018-04-17 00:18:43'),(506,'Alta.Schowalter@hotmail.com','Cole Ernser','2017-11-12 11:54:04'),(507,'Ayana96@hotmail.com','Craig Ernser','2017-12-30 20:57:06'),(508,'Arno_Miller56@gmail.com','Van Quitzon DVM','2018-03-18 18:10:16'),(509,'Patience_Weissnat@yahoo.com','Lukas Schinner','2018-08-19 14:35:41'),(510,'Malcolm_Pagac@hotmail.com','Ericka Mraz','2017-12-28 05:03:24'),(511,'Aubrey_Rodriguez@hotmail.com','Kathryn Johnson','2018-08-11 18:21:04'),(512,'Magdalena_Boehm@gmail.com','Mr. Hermann Hudson','2018-08-13 09:11:03'),(513,'Amelie.Mohr@hotmail.com','Stefanie Dach','2018-09-10 13:19:34'),(514,'Felicity_Mertz@gmail.com','Robbie Wehner IV','2018-05-09 15:15:26'),(515,'Iva89@hotmail.com','Jakayla Corkery','2018-07-04 08:02:27'),(516,'Modesto_Johnston@gmail.com','Karen Conroy','2018-09-23 10:36:31'),(517,'Berry_Luettgen@hotmail.com','Graham Glover','2018-06-13 12:38:51'),(518,'Hermann56@gmail.com','Louvenia Hudson','2018-04-16 23:46:27'),(519,'Aliza13@hotmail.com','Trever Berge Sr.','2017-10-17 09:31:19'),(520,'Kurtis77@yahoo.com','Russ Dickinson','2017-11-07 13:06:59'),(521,'Ivy_Bashirian@gmail.com','Roberto Nader','2018-01-05 08:47:09'),(522,'Enrico99@hotmail.com','Leanne Hilpert','2018-01-07 00:36:40'),(523,'Taya.Gerhold43@hotmail.com','Marina Streich','2018-09-10 01:56:10'),(524,'Constance.Volkman33@gmail.com','Veronica Schmitt','2018-08-22 20:33:35'),(525,'Helga76@yahoo.com','Reuben Gutmann','2018-08-30 14:26:47'),(526,'Jarrod.Wiegand32@gmail.com','Dr. Kirstin Price','2018-06-20 07:12:32'),(527,'Ahmed98@gmail.com','Frederick Thompson','2018-06-18 06:24:07'),(528,'Monty_Kulas76@gmail.com','Marty Simonis','2017-10-19 04:28:30'),(529,'Hosea_Lockman@yahoo.com','Obie Tromp','2018-06-01 15:31:21'),(530,'Ofelia_Schneider44@hotmail.com','Jalen Kihn','2018-06-17 00:46:57'),(531,'Emile.Hayes@yahoo.com','Willard Jones','2018-02-15 07:25:39'),(532,'Schuyler.Koelpin36@hotmail.com','Brandy Mertz','2018-01-17 08:50:31'),(533,'Joshua96@yahoo.com','Camryn Windler','2018-04-13 00:42:06'),(534,'Luigi_Jacobs35@hotmail.com','Rosella Veum','2018-06-05 16:28:32'),(535,'Joel4@yahoo.com','Ike Schroeder','2018-04-02 10:17:06'),(536,'Hilda86@hotmail.com','Virginie Gutmann','2018-03-06 22:12:25'),(537,'Laurianne_Kautzer@gmail.com','Nathen Roob','2018-06-13 12:40:53'),(538,'Makayla_OKeefe@hotmail.com','Rachael Metz','2017-12-09 01:40:21'),(539,'Mae.Ebert25@yahoo.com','Alta Lebsack','2018-01-09 00:10:53'),(540,'Maritza.Blanda26@hotmail.com','Vincent Koepp','2018-08-26 04:25:12'),(541,'Karley.Welch@hotmail.com','Eugenia Watsica','2018-01-11 10:10:06'),(542,'Cydney_Lebsack@gmail.com','Cora Skiles','2018-06-02 12:51:56'),(543,'Vada_Gutmann27@gmail.com','Lyric Hyatt','2018-09-03 13:49:48'),(544,'Emma28@yahoo.com','Kathryne Schuppe II','2018-01-09 09:05:12'),(545,'Theodore_Gleichner78@yahoo.com','Kallie Leannon','2018-04-08 01:06:43'),(546,'Kayleigh56@yahoo.com','Miss Janiya Ankunding','2018-09-14 12:21:41'),(547,'Jeremie41@yahoo.com','Dedrick Rutherford','2017-11-20 18:05:15'),(548,'Verda.Dickinson@yahoo.com','Verla Schaden','2017-10-26 18:54:41'),(549,'Jacklyn_Mraz13@gmail.com','Caesar Lueilwitz','2018-02-18 23:43:10'),(550,'Eveline.Leffler@yahoo.com','Morton Turner','2017-11-25 16:16:42'),(551,'Cody92@hotmail.com','General Grady','2018-03-10 00:27:46'),(552,'Camron_Lang@gmail.com','Jacquelyn Murphy','2018-08-22 18:38:19'),(553,'Jayde.Christiansen@hotmail.com','Gerardo Boyle','2018-09-12 06:30:52'),(554,'Chase_Heaney68@gmail.com','Ms. Damien Denesik','2018-05-27 07:53:32'),(555,'Ansley_Zemlak@hotmail.com','Kamryn Dare','2017-12-26 07:37:41'),(556,'Cameron8@hotmail.com','Adriel Lueilwitz','2018-03-04 21:05:54'),(557,'Shakira.Lebsack20@yahoo.com','Jennie Bergstrom','2018-09-25 17:52:09'),(558,'Treva.MacGyver52@yahoo.com','Wellington O\'Connell','2017-11-24 14:04:35'),(559,'Jan63@yahoo.com','Mikayla Spinka I','2017-11-12 09:10:41'),(560,'Columbus.Abbott@yahoo.com','Callie O\'Conner','2017-10-29 02:46:08'),(561,'Bobbie.Wunsch86@yahoo.com','Karson Hermiston','2018-05-25 00:00:10'),(562,'Rubye_Morissette@hotmail.com','Dr. Velma Hayes','2018-03-23 02:06:07'),(563,'Jarrod.Cassin84@gmail.com','Jerald Marquardt','2018-07-13 07:15:52'),(564,'Willa.Mertz44@gmail.com','Berenice Mertz','2018-09-06 14:16:25'),(565,'Glen54@yahoo.com','Laurel Schamberger','2018-08-22 12:58:01'),(566,'Monserrat_Thompson@gmail.com','Rickie Lang','2018-09-04 00:14:51'),(567,'Mia_Spinka@hotmail.com','Lelah Shanahan','2018-08-07 11:20:41'),(568,'Hollie_Hirthe@hotmail.com','Maria Walter','2018-06-07 00:31:43'),(569,'Kody3@yahoo.com','Bennie Franecki','2018-03-22 02:45:47'),(570,'Floy_Block92@hotmail.com','Rebecca Braun','2018-04-29 20:46:17'),(571,'Kamryn.McGlynn@hotmail.com','Clare Mosciski','2018-02-19 07:11:17'),(572,'Cleo78@hotmail.com','Grant Hayes','2018-04-26 19:12:58'),(573,'Anika8@hotmail.com','Aubree Mitchell','2018-01-20 22:46:01'),(574,'Ashleigh_Koepp@gmail.com','Randal Connelly','2018-06-17 14:36:38'),(575,'Britney_Kautzer65@gmail.com','Junior Runolfsson','2018-05-16 03:56:28'),(576,'Delbert88@yahoo.com','Desmond Dach','2018-01-13 22:26:12'),(577,'Barton.Tillman@gmail.com','Martine Gaylord','2018-06-28 13:55:48'),(578,'Marlee46@hotmail.com','Freddie Crist','2017-10-08 04:34:56'),(579,'Hermina_Kirlin@yahoo.com','Ismael Pollich','2018-03-24 16:35:34'),(580,'Lacy.Schiller38@gmail.com','Rosie Hettinger I','2018-02-09 01:59:15'),(581,'Kameron73@hotmail.com','Ceasar Renner','2018-09-26 06:05:10'),(582,'Elijah9@hotmail.com','Rhett Johnston','2018-03-23 17:39:17'),(583,'Marcia_Emmerich12@gmail.com','Giovani Thompson Jr.','2018-05-04 17:42:27'),(584,'Clifton_Hammes@gmail.com','Isaias Spinka','2018-02-11 11:14:54'),(585,'Kim.Leannon37@gmail.com','Ignacio Pfeffer','2018-07-29 14:42:13'),(586,'Winston_Leffler@hotmail.com','Saul Sanford','2018-05-16 22:39:51'),(587,'Jules.Koepp84@gmail.com','Lauryn Balistreri I','2018-03-13 02:05:58'),(588,'Carroll_Watsica@gmail.com','Eleanora Dach','2018-02-12 20:34:15'),(589,'Keshaun_Schmeler@yahoo.com','Scotty Moore','2017-11-06 06:24:24'),(590,'Elda.Monahan50@gmail.com','Effie Gorczany','2018-09-27 01:43:33'),(591,'Jack.Hermiston89@hotmail.com','Everette Larson','2017-10-19 12:39:20'),(592,'Ron_Weimann@gmail.com','Manuel Hahn','2017-10-13 11:42:41'),(593,'Nichole70@gmail.com','Alize Bernhard','2018-04-21 08:56:19'),(594,'Royce.Kemmer@hotmail.com','Flossie Bernier DVM','2018-10-05 20:50:56'),(595,'Sarina_Considine67@hotmail.com','Antwon Marquardt','2018-09-29 19:52:41'),(596,'Ted.Carter91@gmail.com','Mrs. Assunta Kling','2018-04-07 10:48:42'),(597,'Jared.Harber@gmail.com','Abby Kirlin','2018-05-31 18:30:29'),(598,'Aglae24@gmail.com','Darrick Schmidt DVM','2018-09-02 06:44:45'),(599,'April_Bailey@hotmail.com','Mr. Lambert Schulist','2018-01-20 22:03:51'),(600,'Osvaldo.Bruen@gmail.com','Arlo Nader','2018-01-30 04:59:15'),(601,'Candice.Rice@hotmail.com','Mr. Hannah Pfannerstill','2017-12-15 16:29:33'),(602,'Barrett45@hotmail.com','Janae Ankunding','2017-10-27 19:40:25'),(603,'Nya66@gmail.com','Mr. Juliet Hermiston','2017-11-02 21:38:00'),(604,'Era33@hotmail.com','Kenna Jacobson','2018-02-09 13:51:21'),(605,'Kiana.Zieme73@yahoo.com','Alexandra Wisozk IV','2018-09-22 23:09:50'),(606,'Mellie_Wisozk@yahoo.com','Don Halvorson III','2018-06-20 14:47:38'),(607,'Javonte37@hotmail.com','Jacky Rodriguez','2018-03-24 18:08:59'),(608,'Gabriella33@yahoo.com','Bradley Rath','2017-11-07 17:13:15'),(609,'Adella.Dooley@yahoo.com','Beulah Bahringer','2018-09-27 01:59:01'),(610,'Oral.Collins@gmail.com','Percy Streich','2018-05-01 07:58:28'),(611,'Darron30@gmail.com','Josh Bode','2018-07-19 20:51:03'),(612,'Jarret.Monahan7@yahoo.com','Giuseppe Olson','2018-09-12 16:40:14'),(613,'Ezequiel61@yahoo.com','Miss Noe Conroy','2017-10-18 13:12:19'),(614,'Watson.Herman@yahoo.com','Sophie Pacocha II','2017-11-02 11:40:11'),(615,'Ryley_Jacobi@hotmail.com','Rozella Boyer','2018-03-23 04:45:25'),(616,'Orland_Jacobson@hotmail.com','Ms. Destiney Mertz','2018-02-26 18:46:32'),(617,'Craig82@hotmail.com','Angie Marks','2017-12-16 06:22:07'),(618,'Dan_Bergstrom@gmail.com','Clinton Kirlin','2017-10-26 07:48:28'),(619,'Yvette_Hand@hotmail.com','Ora Dooley','2018-03-12 17:36:46'),(620,'Darrel_Barrows@gmail.com','Grant Nicolas','2017-12-22 13:35:38'),(621,'Alene.Carroll48@gmail.com','Marie Feil','2018-07-15 06:49:31'),(622,'Euna_Stoltenberg@hotmail.com','Sheldon Lynch','2017-10-17 19:28:34'),(623,'Ruthie_Runolfsson@gmail.com','Ethel Becker DDS','2018-03-25 02:36:23'),(624,'Quentin26@gmail.com','Brian Senger','2017-12-18 17:06:36'),(625,'Dario.OConner@gmail.com','Laury Wisoky Jr.','2018-07-24 02:20:14'),(626,'Frederik31@yahoo.com','Dejon Tromp','2018-02-08 19:19:34'),(627,'Ola_Kunze@hotmail.com','Crystel Reichert','2018-02-13 15:37:13'),(628,'Claudine96@hotmail.com','Dr. Tristin Reynolds','2018-07-01 16:25:08'),(629,'Cali99@yahoo.com','Sabina Koepp','2018-10-07 00:24:17'),(630,'Julianne_Rohan@yahoo.com','Marlen Barton','2018-05-12 00:14:55'),(631,'Tanya.Reilly@yahoo.com','Rahul Harris','2018-01-01 00:22:25'),(632,'Antone12@hotmail.com','Abbigail Kuhlman','2018-01-16 05:58:29'),(633,'Conrad67@hotmail.com','Shanelle Langworth PhD','2018-07-19 21:01:09'),(634,'Jazmyn.Kessler@gmail.com','Daniela Hane','2018-03-11 13:28:54'),(635,'Greg.Ratke@hotmail.com','Arjun Stamm','2017-11-01 10:19:42'),(636,'Reggie.Leffler59@hotmail.com','Edward King','2018-04-23 07:42:19'),(637,'Lucious.Borer49@yahoo.com','America Aufderhar','2018-08-12 12:34:56'),(638,'Kolby.Aufderhar52@hotmail.com','Alanis Torp','2018-05-30 05:05:02'),(639,'Blanche19@yahoo.com','Horace Krajcik','2017-12-30 21:26:46'),(640,'Lon.Gleason2@gmail.com','Dominique Cronin Sr.','2017-12-05 05:31:17'),(641,'Gerhard_Mante@yahoo.com','Eden Rogahn','2018-03-19 16:30:10'),(642,'Einar.Stamm97@yahoo.com','Parker Beer','2017-12-17 01:41:07'),(643,'Nadia.Ritchie@yahoo.com','Terrell Reilly','2018-05-01 03:11:50'),(644,'Lenny.Cummings@hotmail.com','Edison Marks','2018-04-17 17:53:33'),(645,'Carey_Spencer@hotmail.com','Helga Donnelly','2018-01-13 13:22:27'),(646,'Estelle.Altenwerth45@hotmail.com','Mae Boyer','2018-08-09 00:01:13'),(647,'Celestine_Maggio@gmail.com','Libby Frami','2018-05-26 05:47:37'),(648,'Johann21@hotmail.com','Kurtis Metz','2018-02-23 23:18:45'),(649,'Jeff.Becker85@yahoo.com','Nick Ritchie','2018-04-04 20:41:20'),(650,'Emanuel_Ernser@hotmail.com','Horace Lindgren','2018-03-26 05:05:23'),(651,'Fernando.Collier@yahoo.com','Mrs. Thad Harris','2018-03-25 00:22:37'),(652,'Rosalee_Zieme@gmail.com','Brendon Jacobson','2018-01-09 22:47:33'),(653,'Jordy.Torp@gmail.com','Sanford White','2018-05-20 13:47:04'),(654,'Ursula_Boyle88@yahoo.com','Lilliana Hintz','2017-12-19 20:17:04'),(655,'Gladyce_Steuber@hotmail.com','Breanna Anderson','2018-02-04 22:21:28'),(656,'Theodora.Nitzsche@hotmail.com','Vanessa Feeney II','2018-04-19 10:24:08'),(657,'Jermey.Nolan@hotmail.com','Maureen Huel','2018-04-01 16:24:33'),(658,'Sedrick.Kuhic58@gmail.com','Elaina Bernier','2017-12-17 16:59:06'),(659,'Viva_Dach@yahoo.com','Gussie Dicki','2018-08-29 14:04:55'),(660,'Antone32@yahoo.com','Lorine Emard','2018-02-27 18:00:28'),(661,'Bradly.Kirlin41@hotmail.com','Mr. Ernestina Bernier','2018-06-16 02:50:40'),(662,'Gail.Bergstrom@hotmail.com','Alf Abbott','2017-10-20 18:50:07'),(663,'Yolanda60@yahoo.com','Mariana Jenkins','2018-06-03 19:04:35'),(664,'Federico.Jones41@hotmail.com','Cindy Gutmann','2018-03-02 16:28:20'),(665,'Marvin.Anderson@hotmail.com','Jo Morar','2018-08-29 13:16:24'),(666,'Dulce_Jerde@hotmail.com','Donald Kuhlman','2018-06-07 17:05:31'),(667,'Juana69@gmail.com','Marley Gislason II','2018-08-13 01:58:18'),(668,'Jaylan.Fadel@gmail.com','Otis Spinka','2018-04-21 11:47:08'),(669,'Jonathan_Reynolds90@gmail.com','Reynold Huel','2018-05-08 19:39:41'),(670,'Golda64@yahoo.com','Maryjane Steuber','2017-12-10 11:04:12'),(671,'Wyman_Schulist33@hotmail.com','Kelsie Sporer','2018-01-04 20:13:34'),(672,'Will.Thompson7@yahoo.com','Robyn Mayert','2018-06-14 20:53:43'),(673,'Sincere_Keebler35@hotmail.com','Gideon Cassin','2018-06-22 02:35:12'),(674,'Edison_Roob49@yahoo.com','Josie Tromp','2017-11-09 19:23:40'),(675,'Walker.Simonis5@hotmail.com','Mina Luettgen','2018-06-17 22:38:50'),(676,'Elvis6@hotmail.com','Jordane Strosin IV','2018-02-20 06:29:51'),(677,'Americo.Quigley78@gmail.com','Samir Koepp','2018-08-27 11:51:17'),(678,'Annabell_Klocko@gmail.com','Hugh Olson','2018-04-25 04:15:53'),(679,'Andres97@yahoo.com','Dr. Tad Leffler','2018-01-20 22:36:25'),(680,'Fae_King69@gmail.com','Arely Doyle','2018-04-27 20:47:42'),(681,'Blanca_Lemke@yahoo.com','Orion Conroy MD','2018-03-17 08:04:41'),(682,'Julie.Feeney60@gmail.com','Marta Mosciski','2018-01-03 20:28:01'),(683,'Toby_Witting@yahoo.com','Serenity Kuhlman','2018-04-06 01:19:58'),(684,'Jewell15@yahoo.com','Webster Bahringer','2017-10-09 16:05:26'),(685,'Fabiola_Bode@yahoo.com','Gloria Kessler','2018-07-05 12:38:21'),(686,'Chris_Hane32@yahoo.com','Ms. Teagan Quigley','2018-08-09 19:59:10'),(687,'Casimer_Bruen70@gmail.com','Florence Sporer','2017-12-23 21:53:50'),(688,'Clotilde62@hotmail.com','Lenna Muller','2018-04-24 21:14:12'),(689,'Laurie33@gmail.com','Leatha Aufderhar','2018-07-07 16:55:46'),(690,'Felton.Swaniawski13@yahoo.com','Dayana Heathcote','2018-07-23 17:45:43'),(691,'Patience99@gmail.com','Allan Lynch','2018-04-20 06:53:56'),(692,'Denis.Hoeger26@hotmail.com','Kathlyn Pfeffer','2018-08-09 10:56:14'),(693,'Lavern63@gmail.com','Jess Torp','2018-02-28 20:27:56'),(694,'Lupe_Wilkinson1@gmail.com','Bennett Bradtke','2018-01-13 16:18:48'),(695,'Kody_Gerlach9@hotmail.com','Winston Lindgren','2018-06-14 03:42:31'),(696,'Maximillian.Grimes@yahoo.com','Griffin Strosin','2018-02-15 14:32:32'),(697,'Caleigh.Graham@hotmail.com','Lenna Barton','2018-06-29 04:12:49'),(698,'Johnnie49@hotmail.com','Miss Connie Denesik','2017-10-15 20:02:37'),(699,'Sonia87@gmail.com','Oral Mann','2018-06-14 11:52:25'),(700,'Helmer_Parker@hotmail.com','Bernard Kunze','2017-11-07 10:08:55'),(701,'Olaf56@yahoo.com','Hayden Tillman','2017-12-30 14:15:26'),(702,'Macy87@yahoo.com','Ramiro Cormier','2018-04-20 00:03:48'),(703,'Lloyd_Lynch@gmail.com','Shayna Feest','2018-01-13 10:12:09'),(704,'Nona47@gmail.com','Layne Sawayn','2018-07-14 01:50:59'),(705,'Lyda_Larson@hotmail.com','Magnus Hermann','2018-05-07 04:17:32'),(706,'Ova.Gislason@yahoo.com','Miss Megane Connelly','2018-05-16 22:13:28'),(707,'Verla.Langosh50@yahoo.com','Clementine Kuvalis Sr.','2018-05-02 14:21:48'),(708,'Marvin.Kunze@hotmail.com','Marcos Stanton','2018-04-13 18:53:22'),(709,'Sally34@hotmail.com','Maeve Morar','2018-05-29 06:09:03'),(710,'Freeman21@gmail.com','Stacey Kris','2018-08-28 15:13:18'),(711,'Moriah.Olson@yahoo.com','Cayla Berge','2018-07-01 23:57:08'),(712,'Vance.Osinski@yahoo.com','Rashawn Zboncak','2017-12-21 07:47:06'),(713,'Marian3@yahoo.com','Cecilia Douglas','2018-07-22 14:01:19'),(714,'Valentin51@gmail.com','Mr. Wilma Wehner','2018-08-22 22:40:21'),(715,'Brandy9@gmail.com','Alisa Larkin','2018-06-10 18:29:28'),(716,'Glenna.Stehr@gmail.com','Johnson Grady IV','2018-05-30 14:52:51'),(717,'Isidro.Tillman@gmail.com','Ola Wilkinson','2018-04-30 20:23:51'),(718,'Michale.Kassulke54@gmail.com','Cristobal Huel','2018-05-13 07:00:46'),(719,'Eula.Cronin16@hotmail.com','Braeden Herman','2018-09-18 21:54:16'),(720,'Dillan_Gutkowski13@yahoo.com','Ross Fritsch','2018-06-05 10:43:23'),(721,'Gregory65@gmail.com','Sibyl Lockman','2018-03-10 06:50:15'),(722,'Sienna_VonRueden41@gmail.com','Dr. Zoe Langosh','2018-03-13 07:32:56'),(723,'Miracle7@yahoo.com','Ms. Sean Reichert','2018-06-29 07:22:26'),(724,'Montana_Strosin41@yahoo.com','Amya Goldner','2018-01-01 17:37:20'),(725,'Jordon_Schumm25@yahoo.com','Trenton Donnelly','2018-03-13 20:21:49'),(726,'Manuel_Labadie8@gmail.com','Lurline Kilback','2018-01-12 02:06:28'),(727,'Tressie_Torp@gmail.com','Steve Schroeder','2017-11-12 19:27:33'),(728,'Alessia.Gutkowski52@gmail.com','Mr. Emiliano Mills','2018-03-23 20:51:29'),(729,'Novella3@yahoo.com','Garrett Mohr','2017-12-06 04:43:53'),(730,'Marjolaine.Anderson@yahoo.com','Johan Dietrich','2017-12-02 11:56:38'),(731,'Lesly_Schroeder@gmail.com','Odie Ortiz','2018-03-02 14:19:53'),(732,'Maryjane98@hotmail.com','Nellie Reynolds','2018-05-29 18:46:22'),(733,'Ellsworth_Gislason@gmail.com','Rosina Fay','2018-09-25 13:54:12'),(734,'Maxine.Mills@hotmail.com','Dr. Delia Wiegand','2018-04-26 10:44:43'),(735,'Isadore17@gmail.com','Korbin McClure PhD','2017-10-10 07:04:15'),(736,'Gene_Tremblay17@hotmail.com','Cassidy Cole','2018-08-18 23:19:02'),(737,'Jordyn.Kozey@gmail.com','Watson Schamberger','2018-07-22 00:54:38'),(738,'Ruben24@yahoo.com','Zaria Flatley','2018-03-16 22:35:34'),(739,'Jamal_Oberbrunner95@gmail.com','Gene Graham MD','2017-12-27 15:11:44'),(740,'Tavares.Mante@yahoo.com','Andre Altenwerth','2018-09-05 13:51:25'),(741,'Stanford_Koepp68@hotmail.com','Bridie Legros','2018-02-11 12:42:48'),(742,'Brandt_Hagenes13@yahoo.com','Libby Brown','2018-09-10 21:10:43'),(743,'Theresia.Lesch@yahoo.com','Murphy Steuber','2018-02-14 19:15:39'),(744,'Aaliyah_Lehner12@hotmail.com','Tyrel Cole','2018-03-11 15:03:55'),(745,'Meghan86@hotmail.com','Zechariah Marquardt','2017-11-22 17:25:25'),(746,'Simone_Medhurst@gmail.com','Ottilie Roob II','2018-08-21 10:54:16'),(747,'Carlotta_McCullough74@hotmail.com','Deron Turner I','2017-10-13 15:16:10'),(748,'Coralie_Buckridge27@hotmail.com','Kacie Keebler','2018-08-19 17:04:57'),(749,'Margie25@hotmail.com','Imani Shields','2018-06-08 18:56:03'),(750,'Camryn.Balistreri@yahoo.com','Barbara Beahan','2018-04-19 17:23:37'),(751,'Zella_Howe@gmail.com','Dr. Jaeden Prosacco','2018-04-20 19:18:37'),(752,'Hobart.Veum@hotmail.com','Marques O\'Keefe','2018-09-07 23:43:35'),(753,'Annette.Grant95@gmail.com','Savanna Pfeffer','2017-11-25 03:07:38'),(754,'Rollin85@hotmail.com','Rex Ortiz','2018-06-17 03:56:54'),(755,'Alycia.Hahn14@yahoo.com','Dr. Ruth Reilly','2018-01-25 08:37:55'),(756,'Elyse_Becker@gmail.com','Jazlyn Spencer','2018-06-21 16:49:56'),(757,'Deja.Hamill@gmail.com','Charley Torp','2018-04-10 01:30:35'),(758,'Shany68@hotmail.com','Stevie Jenkins','2018-09-03 12:35:08'),(759,'Adan83@gmail.com','Vanessa Crona','2018-01-27 07:16:35'),(760,'Trevion64@gmail.com','Deven Cronin','2018-07-11 16:53:43'),(761,'Garnett_Boyer23@yahoo.com','Belle Parker','2018-03-13 21:09:30'),(762,'Daphne72@yahoo.com','Randi Murazik','2018-07-16 08:02:15'),(763,'Nat.Schroeder99@gmail.com','Rocio O\'Hara','2017-10-26 18:25:28'),(764,'General79@gmail.com','Miss Eunice Brown','2018-01-23 14:20:12'),(765,'Elliott.Bartell@yahoo.com','Veronica Sipes','2018-06-26 00:57:04'),(766,'Melody22@hotmail.com','Destinee Ullrich','2018-04-19 17:15:53'),(767,'Vilma65@gmail.com','Flossie Hickle','2018-08-22 19:02:19'),(768,'Lavada_Herzog@gmail.com','Zola Walsh','2018-08-18 04:35:26'),(769,'Fiona45@hotmail.com','Tiara Terry','2018-06-28 11:50:48'),(770,'Dillan_Rosenbaum70@yahoo.com','Lois Cole','2018-06-11 22:32:46'),(771,'Jared38@gmail.com','Tamia Ritchie V','2018-01-12 03:49:41'),(772,'Stone23@yahoo.com','Icie Gorczany','2018-01-20 19:51:36'),(773,'Darrick56@gmail.com','Loy Buckridge IV','2018-08-28 01:12:55'),(774,'Clark_Boyle46@yahoo.com','Rickey Daniel','2018-02-13 21:59:10'),(775,'Kiel33@hotmail.com','Samson Lehner','2017-11-25 22:56:49'),(776,'Queen_Heathcote75@hotmail.com','Dixie Ledner','2018-05-20 17:34:16'),(777,'Raymond54@gmail.com','Kristopher Kovacek','2018-02-18 15:53:05'),(778,'Kitty_Reichel@yahoo.com','Heloise Muller MD','2018-04-12 11:45:52'),(779,'Hayley.Gottlieb77@gmail.com','Edythe Wilkinson','2018-03-10 23:02:15'),(780,'Tamara_Schamberger@gmail.com','Dr. Helen Streich','2017-11-19 11:14:02'),(781,'Bettye73@gmail.com','Sonia O\'Kon','2018-01-23 08:32:08'),(782,'Rosario.Schuster15@yahoo.com','Aidan Cummings','2018-07-31 04:57:40'),(783,'Loy.Rowe35@gmail.com','Kolby Jakubowski','2018-10-06 20:59:46'),(784,'Jaquelin_Herman8@yahoo.com','Alvah Grimes','2017-12-29 18:14:35'),(785,'Chesley_Bechtelar@hotmail.com','Jett Streich','2017-11-16 23:39:09'),(786,'Kayley_Hammes@hotmail.com','Minerva Rempel','2018-01-26 00:01:53'),(787,'Roderick_Zulauf@hotmail.com','Frances Von','2017-10-19 09:30:11'),(788,'Theresa24@gmail.com','Pearlie Mante','2018-01-16 08:19:11'),(789,'Jazmyn.OConner@yahoo.com','Darwin Wilderman','2017-10-16 10:27:55'),(790,'Olin5@yahoo.com','Marisol Pfannerstill','2017-10-18 18:33:39'),(791,'Delia_Hayes51@yahoo.com','Else Kutch','2018-07-05 05:08:01'),(792,'Ana_Jenkins@hotmail.com','Scotty Moore','2018-06-03 21:08:46'),(793,'Angelo.Stiedemann@yahoo.com','Kasey Mohr','2018-09-29 23:56:52'),(794,'Jacinthe_Greenholt20@gmail.com','Arianna Lesch','2018-06-17 08:19:25'),(795,'Alysson10@hotmail.com','Ms. Rosa Bednar','2018-02-10 18:27:59'),(796,'Laverne_Hirthe67@gmail.com','Claud Gerlach','2018-01-06 09:04:54'),(797,'Liliane54@gmail.com','Ted Lang','2018-03-02 17:40:37'),(798,'Magnolia.Lindgren@gmail.com','Mae Mitchell','2018-10-04 18:27:07'),(799,'Carmen53@hotmail.com','Mr. Mackenzie Leuschke','2018-09-23 18:32:52'),(800,'Wellington23@hotmail.com','Miss Abigail Harber','2018-06-05 13:46:42'),(801,'Annie.Fritsch96@gmail.com','Pietro Wolff PhD','2018-06-01 13:48:00'),(802,'Noe.Grimes89@gmail.com','Miss Scarlett Dare','2018-09-12 16:18:53'),(803,'Phyllis_Grant@gmail.com','Mr. Garrick Tromp','2018-05-13 01:18:50'),(804,'Kayla_Bradtke11@hotmail.com','Gilbert Rempel','2018-05-30 10:54:04'),(805,'Cali12@yahoo.com','Tia Beer','2018-06-10 22:45:27'),(806,'Rae_Larson@yahoo.com','Gudrun O\'Conner Sr.','2018-10-05 20:41:54'),(807,'Corine69@hotmail.com','Lisette Braun Sr.','2018-03-25 16:25:36'),(808,'Rollin_Koelpin@yahoo.com','Fern Glover','2018-05-13 12:52:21'),(809,'Koby.Hoppe97@gmail.com','Cathy Mueller','2018-08-06 10:11:18'),(810,'Omari_Kling@hotmail.com','Dudley Tillman','2018-05-18 20:16:37'),(811,'Osbaldo58@gmail.com','Kali Little','2017-12-09 22:59:34'),(812,'Reggie45@yahoo.com','Hassie Rohan','2018-06-29 22:04:41'),(813,'Ericka.Steuber@gmail.com','Candido Yundt','2018-04-11 05:16:50'),(814,'Katrine75@yahoo.com','Ernest Bogan','2017-11-23 23:40:04'),(815,'Brando34@hotmail.com','Miss Carey Walter','2018-07-30 11:00:19'),(816,'Selina42@yahoo.com','Rigoberto Baumbach','2018-06-30 09:19:44'),(817,'Deron.Koch@gmail.com','Hilbert Weissnat','2018-09-04 17:20:04'),(818,'Mustafa_Daugherty@yahoo.com','Brad Swaniawski','2018-01-15 13:48:51'),(819,'Christy_Parisian84@hotmail.com','Kellen Hodkiewicz','2017-12-29 09:50:55'),(820,'Elvera.Quitzon@gmail.com','Dr. Judd Parisian','2018-05-04 09:21:38'),(821,'Lura.Ward78@yahoo.com','Jazmin Morar','2017-11-02 06:15:25'),(822,'Maynard.Zemlak@hotmail.com','Reymundo Baumbach PhD','2018-02-05 03:13:02'),(823,'Demond.Bahringer19@yahoo.com','Shawna Runolfsdottir','2017-10-17 15:13:23'),(824,'Deondre_Schmidt@hotmail.com','Deshawn Bruen','2018-08-25 06:15:32'),(825,'Marvin.Fahey35@gmail.com','Nolan Halvorson','2018-01-03 03:24:51'),(826,'Marlene80@hotmail.com','Suzanne Altenwerth','2018-01-26 16:35:06'),(827,'Garth.Hand@hotmail.com','Graham Beer','2018-08-06 21:24:23'),(828,'Chance_Champlin@hotmail.com','Alison Hermann','2017-10-22 01:42:49'),(829,'Alvis_Schmidt@gmail.com','Fannie Beer','2018-05-17 10:44:31'),(830,'Alf96@gmail.com','Abdiel Deckow','2018-03-28 20:49:52'),(831,'Keshaun_Dach@gmail.com','Era Koelpin','2018-08-13 21:19:02'),(832,'Torey65@gmail.com','Ms. Moises Marvin','2018-08-17 20:54:04'),(833,'Marcelina_Hegmann97@yahoo.com','Rogelio Kessler','2017-11-25 23:02:56'),(834,'Mara14@hotmail.com','Ben Gibson','2017-10-13 16:36:12'),(835,'Delfina54@gmail.com','Murl Rice','2018-06-07 01:46:10'),(836,'Myrtice.Marks@hotmail.com','Jacky Ferry','2018-02-24 04:46:08'),(837,'Holly.Larkin@hotmail.com','Abbigail Reilly','2018-09-01 16:28:31'),(838,'Sabina13@yahoo.com','Talon Cruickshank','2018-03-28 03:12:36'),(839,'Zackery_Hartmann12@gmail.com','Sherwood Toy','2018-08-26 01:08:30'),(840,'Xander36@yahoo.com','Eden Ernser IV','2017-10-15 18:35:03'),(841,'Lucinda_Tremblay@yahoo.com','Hilma Schaden','2018-01-11 12:05:15'),(842,'Jordane58@gmail.com','Sierra Cremin','2018-07-07 22:08:01'),(843,'Barney63@gmail.com','Joelle Kub','2017-12-04 21:24:17'),(844,'Felicia_Goyette38@gmail.com','Arnaldo Stokes V','2018-01-31 12:18:38'),(845,'Nya.Rau98@yahoo.com','Cristina Lynch I','2017-12-30 21:18:58'),(846,'Johnny14@gmail.com','Emmet Ankunding DDS','2018-04-24 08:35:06'),(847,'Weldon59@hotmail.com','Ismael Beier','2018-07-03 08:20:08'),(848,'Olen52@hotmail.com','Mayra Wuckert','2017-10-13 17:54:20'),(849,'Yadira_Rempel38@yahoo.com','Julien Feeney','2018-01-20 02:24:45'),(850,'Omari_Wuckert@gmail.com','Beatrice Pfannerstill','2018-04-14 10:02:54'),(851,'Jo2@hotmail.com','Estelle Hirthe','2017-12-28 14:58:42'),(852,'Jeromy9@gmail.com','Ludwig Hudson','2018-01-20 05:58:23'),(853,'Lowell4@gmail.com','Gussie Herman','2017-11-14 09:49:44'),(854,'Theron25@gmail.com','Ricardo Rice','2018-03-10 04:07:48'),(855,'Rosie_Klocko@hotmail.com','Lucy Leffler','2018-08-01 09:37:08'),(856,'Royce.Beahan@hotmail.com','Emmanuel Heidenreich','2018-02-22 17:13:27'),(857,'Olen.Conn28@yahoo.com','Hubert Champlin I','2018-06-03 23:27:24'),(858,'Oswaldo13@yahoo.com','Osvaldo Ritchie','2018-06-07 19:42:56'),(859,'Gabriella.McCullough24@yahoo.com','Chris Cartwright','2018-05-17 19:50:40'),(860,'Raoul28@gmail.com','Deion Haley','2017-12-22 12:59:38'),(861,'Elmore.Bahringer@hotmail.com','Liza Koch','2018-09-13 10:41:39'),(862,'Theo86@gmail.com','Clovis Schimmel','2018-05-26 02:19:44'),(863,'Bessie_Little7@yahoo.com','Theodore McClure','2018-03-23 14:43:38'),(864,'Heidi83@hotmail.com','David Nienow','2017-12-25 12:34:17'),(865,'Shaniya19@hotmail.com','Dr. Reese Dicki','2018-07-03 16:44:34'),(866,'Beaulah_Daniel30@hotmail.com','Orin Fritsch','2018-01-24 00:48:18'),(867,'Jarrod.Yost76@gmail.com','Madilyn Kuvalis','2018-05-25 00:58:17'),(868,'Nigel.Johnson@gmail.com','Ms. Ludwig Schroeder','2017-12-16 09:43:54'),(869,'Friedrich.Huel94@gmail.com','Jayden Collins','2017-12-12 12:18:17'),(870,'Gilberto28@gmail.com','Carmelo Bartell IV','2017-12-26 02:57:55'),(871,'Beryl_Wolf51@hotmail.com','Kristina VonRueden Jr.','2018-01-10 13:47:58'),(872,'Napoleon_Fadel@gmail.com','Jamar Fahey','2018-01-08 08:51:25'),(873,'Daniella.White25@yahoo.com','Catharine Robel','2017-11-20 10:38:50'),(874,'Helen.Jaskolski@hotmail.com','Davion Lebsack','2018-07-15 01:57:09'),(875,'Josiah.Heidenreich@hotmail.com','Vidal Halvorson','2018-10-04 00:55:39'),(876,'Alvera_Feeney@hotmail.com','Makenna Ankunding','2018-08-12 00:42:38'),(877,'Theron.Watsica@yahoo.com','Jermey Davis','2017-10-17 10:39:01'),(878,'Westley79@hotmail.com','Minerva Skiles','2018-02-06 03:45:35'),(879,'Bart.Ziemann@hotmail.com','Mr. Jovani Gerhold','2018-01-29 23:43:08'),(880,'Susie.Kutch@yahoo.com','Khalil Maggio','2018-02-13 10:47:23'),(881,'America_Orn37@yahoo.com','Consuelo Stehr DDS','2017-12-16 02:49:28'),(882,'Diana.Heathcote@gmail.com','Cathrine Lubowitz','2017-12-17 05:36:23'),(883,'Kasandra_Nitzsche53@gmail.com','Nya Hermiston','2018-07-27 07:30:21'),(884,'Tyrese_Howell0@gmail.com','Lewis Kuhlman','2018-08-29 15:40:50'),(885,'Octavia.Toy88@yahoo.com','Jaren Franecki','2018-02-03 12:06:06'),(886,'Marian40@yahoo.com','Hershel Baumbach','2017-11-26 20:05:27'),(887,'Nelda91@yahoo.com','Myrna Hermann','2018-03-29 19:32:13'),(888,'Rachel_Langosh@hotmail.com','Quinton Kunde','2018-02-01 07:22:39'),(889,'Danny.Heaney@hotmail.com','Natalie Hodkiewicz','2018-07-14 01:08:46'),(890,'Marcelino.Jones81@hotmail.com','Princess Cole','2018-03-31 18:25:21'),(891,'Maryjane87@yahoo.com','Miss Berneice Brakus','2018-06-17 14:47:42'),(892,'Lamont95@hotmail.com','Ms. Kyler Hayes','2018-09-10 02:43:40'),(893,'Albertha81@hotmail.com','Rosalinda Murray','2018-01-07 01:01:18'),(894,'Tatum_Daugherty@gmail.com','Natasha Botsford','2018-01-27 09:21:00'),(895,'Garth.Tromp77@gmail.com','Wilhelm Kirlin','2018-06-30 22:52:05'),(896,'Cecilia86@gmail.com','Dr. Orville Windler','2018-01-10 18:18:42'),(897,'Mellie_Cremin@gmail.com','Immanuel Bernhard','2018-05-14 04:16:03'),(898,'Dee_Bergnaum43@gmail.com','Desmond Blick','2018-04-11 23:19:54'),(899,'Elyse_Pfannerstill27@gmail.com','Sebastian Feil','2018-07-01 13:40:31'),(900,'Kasandra85@gmail.com','Al Batz','2018-06-11 07:49:06'),(901,'Ayla_Thiel@hotmail.com','Napoleon Raynor','2018-07-20 15:14:26'),(902,'Virginia.Gutmann9@yahoo.com','Charley Klocko','2018-05-19 08:31:19'),(903,'Helmer58@gmail.com','Daniella Crooks','2018-09-10 19:26:18'),(904,'Elwin_Nienow52@yahoo.com','Johan Rutherford','2018-07-08 22:49:25'),(905,'Favian_Hahn@gmail.com','Alana Ryan','2018-09-21 04:28:41'),(906,'Keenan.Hyatt@hotmail.com','Braden Blick DDS','2017-10-29 08:49:09'),(907,'Nasir.Parisian77@hotmail.com','Mr. Sadye Hagenes','2018-05-15 15:13:46'),(908,'Grayce.Glover@hotmail.com','Briana Denesik','2017-11-12 22:35:16'),(909,'Chris_Cole34@hotmail.com','Providenci Goldner','2018-07-14 12:10:37'),(910,'Joanny80@hotmail.com','Clementina Jast I','2018-09-05 03:36:55'),(911,'Felicia5@gmail.com','Mya Mann','2018-06-01 07:39:36'),(912,'Kathryne.Breitenberg@yahoo.com','Andres Lemke','2018-06-23 11:50:32'),(913,'Heidi56@yahoo.com','Nannie Steuber','2018-08-27 05:17:33'),(914,'Vanessa.Adams@gmail.com','Tyreek Durgan','2018-07-12 23:37:47'),(915,'Jovanny63@gmail.com','Austen Ferry','2017-12-31 04:35:36'),(916,'Kenyatta_Kunde98@gmail.com','Garth Kemmer','2018-09-25 20:34:00'),(917,'Lia84@gmail.com','Furman Grimes','2018-05-29 03:17:04'),(918,'Coleman_Rohan@yahoo.com','Aniyah Haag','2018-09-27 03:09:28'),(919,'Alek_Schmidt79@yahoo.com','Kole Altenwerth','2018-09-25 13:54:06'),(920,'Lexus_McClure25@gmail.com','Caleigh Bahringer','2018-03-30 03:40:58'),(921,'Jamir95@yahoo.com','Declan Zboncak','2018-08-27 04:42:08'),(922,'Leo.Hessel@gmail.com','Aisha Mosciski','2017-12-19 03:27:49'),(923,'Jarrell54@yahoo.com','Ms. Carroll Keebler','2018-03-23 09:20:21'),(924,'Reese_Rippin35@gmail.com','Antwon Kerluke','2018-07-02 07:15:04'),(925,'Delphia.Mohr@yahoo.com','Edison Kessler','2017-11-23 03:45:26'),(926,'Orrin.Ortiz98@gmail.com','Drew McDermott PhD','2018-05-20 05:02:20'),(927,'Emmet.Watsica@gmail.com','Demond Gleason PhD','2018-01-13 23:32:55'),(928,'Cortney89@hotmail.com','Kristin Hegmann','2018-05-14 15:49:53'),(929,'Fay.Littel30@yahoo.com','Winston Price','2018-01-09 13:11:30'),(930,'Ambrose.West85@yahoo.com','Sabrina Bradtke','2018-03-10 01:13:36'),(931,'Harley_Hodkiewicz58@hotmail.com','Nayeli Fadel','2018-05-12 01:37:04'),(932,'Kameron.Ratke11@hotmail.com','Hailee Krajcik','2018-05-23 08:43:48'),(933,'Mozell_Miller31@yahoo.com','Johanna Kling','2018-01-13 20:06:49'),(934,'Maybelle.Zieme@yahoo.com','Sydnee Barrows','2017-11-25 13:50:27'),(935,'Corbin72@gmail.com','Brittany Fritsch II','2018-04-02 11:19:21'),(936,'Madelynn74@yahoo.com','Selena Hickle','2018-06-22 00:24:27'),(937,'Laurie_Mann@gmail.com','Leonardo Barton MD','2018-05-20 00:06:01'),(938,'Milan_Kerluke7@gmail.com','Jennifer Mraz','2018-04-07 03:52:30'),(939,'Ellis_Lind7@hotmail.com','Jenifer Waelchi DVM','2018-05-07 20:44:00'),(940,'Lorenz_Smitham14@hotmail.com','Ena Cremin','2018-07-24 20:11:20'),(941,'Arch.Funk@gmail.com','Maudie Stroman','2018-03-28 02:31:18'),(942,'Damon97@gmail.com','Sophia Stanton','2018-07-28 21:01:33'),(943,'Jason.Hudson57@gmail.com','Libbie Rutherford','2018-05-10 18:57:00'),(944,'Rosemarie7@yahoo.com','Luz Gulgowski','2018-02-16 04:33:30'),(945,'Mathias.Barrows@gmail.com','Dr. Kelton Weissnat','2018-04-16 18:46:56'),(946,'Mathias_Langosh@hotmail.com','Creola Marks','2018-02-18 12:02:17'),(947,'Rocio_Erdman@yahoo.com','Johnny Corwin','2018-03-22 15:32:42'),(948,'Irma40@gmail.com','Candace Hickle','2018-02-05 17:56:45'),(949,'Arvel32@hotmail.com','Nicklaus Hoeger','2018-02-25 07:30:47'),(950,'Clark.Zemlak@gmail.com','Marcel Cummerata','2018-06-21 05:08:39'),(951,'Lura_Satterfield58@yahoo.com','Dorris Stoltenberg','2018-06-27 14:10:29'),(952,'Jarvis55@gmail.com','Mr. Jermain Jast','2017-10-29 13:13:46'),(953,'Jeffry.Breitenberg@yahoo.com','Cordell Rempel','2018-01-22 14:30:05'),(954,'Julien44@gmail.com','Shane Rice','2017-12-13 16:48:49'),(955,'Marjorie43@gmail.com','Carolanne Hartmann','2018-09-12 19:49:48'),(956,'Elva.Brakus@gmail.com','Dr. Elda Schinner','2018-08-12 10:11:24'),(957,'Sabina38@gmail.com','Julius Padberg V','2017-12-04 10:48:06'),(958,'Rebekah15@yahoo.com','Mylene Sawayn V','2018-01-04 15:36:36'),(959,'Orville_Huels37@yahoo.com','Javier Nikolaus','2018-08-30 19:07:48'),(960,'Jeffrey.Russel@hotmail.com','Keara Schaden','2018-04-05 03:02:20'),(961,'Maggie.Yundt@yahoo.com','Bo Hahn','2018-09-10 18:36:40'),(962,'Jeanie_Gutmann@hotmail.com','Ms. Gideon Wuckert','2018-06-19 03:54:28'),(963,'Jarod.Yundt23@hotmail.com','Tania Mertz','2017-12-20 13:02:22'),(964,'Sigrid_Hayes60@yahoo.com','Maci Collins','2018-04-25 21:18:55'),(965,'Judd_Kuvalis68@gmail.com','Bonnie Ryan','2018-01-26 11:12:39'),(966,'Kennedy84@yahoo.com','Abigail Littel Jr.','2017-10-12 08:21:18'),(967,'Audreanne_Moore73@hotmail.com','Magdalena Marks','2018-09-24 21:21:22'),(968,'Daisy20@yahoo.com','Eda Baumbach','2017-11-02 06:53:24'),(969,'Rowland.Borer86@gmail.com','Reggie Orn','2018-07-19 01:29:20'),(970,'Fausto95@gmail.com','Estelle Schoen','2018-05-03 07:41:38'),(971,'Tatum_Klocko69@gmail.com','Alice Lubowitz','2018-08-15 07:25:55'),(972,'Olga.Collins@hotmail.com','Christian Wolff','2018-08-09 00:17:49'),(973,'Clay85@yahoo.com','Dr. Riley Bartell','2017-12-27 01:45:23'),(974,'Kira.Doyle@gmail.com','Twila Barton','2018-09-10 03:36:46'),(975,'Clemmie.Prosacco@yahoo.com','Pauline Bergnaum','2018-06-01 08:01:42'),(976,'Jonas37@yahoo.com','Crystel Stracke','2017-11-13 21:15:55'),(977,'Ursula36@yahoo.com','Astrid King','2017-10-19 09:09:19'),(978,'Russel_Lakin@hotmail.com','Abbigail Paucek','2017-11-16 16:37:31'),(979,'Helmer.Herman@hotmail.com','Alek Upton DDS','2018-04-06 21:40:47'),(980,'Wilfred.Brown3@hotmail.com','Augustine Kunde II','2018-05-21 10:17:22'),(981,'Lillie28@gmail.com','Brandy Johnson','2018-05-31 10:25:54'),(982,'Melody.Ernser@yahoo.com','Ms. Joey Ankunding','2018-03-25 05:46:32'),(983,'Gaetano.Herman28@hotmail.com','Palma Kub','2018-09-23 15:21:28'),(984,'Kiana.Schulist17@yahoo.com','Kaleigh Strosin','2018-01-31 16:53:10'),(985,'Cory.Quigley23@gmail.com','Terry Kilback','2018-07-31 16:41:24'),(986,'Garnett_Mosciski99@hotmail.com','Clifford Herzog','2018-05-08 01:00:10'),(987,'Veronica_Bashirian@yahoo.com','Adele Kemmer','2018-04-09 11:31:18'),(988,'Jayson_Langworth@yahoo.com','Nadia Ortiz DDS','2018-10-05 02:49:48'),(989,'Eldora.Abshire41@hotmail.com','Ted Pagac','2018-05-09 23:32:41'),(990,'Favian33@yahoo.com','Norval Brown','2018-09-09 10:59:03'),(991,'Adonis79@gmail.com','Jasen Corkery','2018-04-15 11:16:48'),(992,'Bridget61@hotmail.com','Ms. Zakary Casper','2018-04-07 13:49:28'),(993,'Danielle95@yahoo.com','Joyce Nolan','2017-10-11 17:22:48'),(994,'Priscilla16@hotmail.com','Waino Frami','2018-04-27 02:02:48'),(995,'Mafalda_Simonis@gmail.com','Joesph Schuster','2018-01-08 12:47:27'),(996,'Reba89@gmail.com','Betsy Hickle','2017-11-20 17:45:16'),(997,'Pauline45@gmail.com','Elvie Bauch','2017-11-06 11:23:11'),(998,'Ruth60@yahoo.com','Caitlyn Muller','2018-06-26 10:05:54'),(999,'Emie81@yahoo.com','Luther Mraz','2017-11-22 23:26:48'),(1000,'Rusty.Weissnat@gmail.com','Breana Bogan III','2018-02-26 21:51:13');
/*!40000 ALTER TABLE `users` ENABLE KEYS */;
UNLOCK TABLES;
/*!40103 SET TIME_ZONE=@OLD_TIME_ZONE */;

/*!40101 SET SQL_MODE=@OLD_SQL_MODE */;
/*!40014 SET FOREIGN_KEY_CHECKS=@OLD_FOREIGN_KEY_CHECKS */;
/*!40014 SET UNIQUE_CHECKS=@OLD_UNIQUE_CHECKS */;
/*!40101 SET CHARACTER_SET_CLIENT=@OLD_CHARACTER_SET_CLIENT */;
/*!40101 SET CHARACTER_SET_RESULTS=@OLD_CHARACTER_SET_RESULTS */;
/*!40101 SET COLLATION_CONNECTION=@OLD_COLLATION_CONNECTION */;
/*!40111 SET SQL_NOTES=@OLD_SQL_NOTES */;

-- Dump completed on 2018-10-07  3:07:12
